ACTION smoke
{
  "cuda_available": true,
  "cuda_sum": 8.0,
  "device_count": 1,
  "device_name": "NVIDIA H100 80GB HBM3",
  "engine": "reserved_h100",
  "host": "pt-6a854a0db0c84f0eba6765af1798ae36-worker-0",
  "imports": {
    "earthdelta": true,
    "timm": true
  },
  "python": "3.10.12",
  "schema": "earthdelta.probe.smoke.v1",
  "status": "SUCCEEDED",
  "torch_version": "2.3.1+cu121",
  "utc": "2026-09-30T07:24:21Z"
}
ACTION environment
{"python": "3.10.12 (main, Nov 20 2023, 15:14:05) [GCC 11.4.0]", "executable": "/usr/bin/python3", "torch_import": {"version": "2.3.0a0+6ddf5cf85e.nv24.04", "path": "/usr/local/lib/python3.10/dist-packages/torch/__init__.py"}, "numpy_import": {"version": "1.26.4", "path": "/mnt/afs/260010168/EarthDelta/.pydeps/numpy/__init__.py"}}
default {"torch": "2.3.0a0+6ddf5cf85e.nv24.4", "numpy": "1.24.4", "scipy": "1.12.0", "arch": null, "scikit-learn": "1.2.0", "zarr": "2.18.3", "xarray": "2025.6.1", "fsspec": "2024.2.0", "matplotlib": "3.8.4", "jax": null, "jaxlib": null, "ml_dtypes": null, "numba": "0.59.0+1.g20ae2b56c", "llvmlite": "0.42.0", "pandas": "1.5.3", "statsmodels": null, "pytest": "8.1.1", "timm": "1.0.29", "einops": "0.7.0", "joblib": "1.3.2", "threadpoolctl": "3.3.0"}
pydeps {"torch": null, "numpy": "2.2.6", "scipy": null, "arch": null, "scikit-learn": null, "zarr": "2.18.3", "xarray": "2025.6.1", "fsspec": "2026.9.0", "matplotlib": null, "jax": null, "jaxlib": null, "ml_dtypes": null, "numba": null, "llvmlite": null, "pandas": "2.3.3", "statsmodels": null, "pytest": null, "timm": "1.0.29", "einops": null, "joblib": null, "threadpoolctl": null}
pydeps_wbx {"torch": null, "numpy": null, "scipy": null, "arch": null, "scikit-learn": null, "zarr": null, "xarray": null, "fsspec": null, "matplotlib": null, "jax": "0.6.2", "jaxlib": "0.6.2", "ml_dtypes": "0.5.1", "numba": null, "llvmlite": null, "pandas": null, "statsmodels": null, "pytest": null, "timm": null, "einops": null, "joblib": null, "threadpoolctl": null}
ACTION cpu_baseline
Running 1037 items in this shard
........................................................................ [  6%]
.............E......................................EEE..EEEEEE...E.EEs. [ 13%]
..EE...E.........................EE..............EEEEEE.EEEEEEEEEEEEEEEE [ 20%]
EEEsEsEE.EEEss...................sss..............................s..... [ 27%]
........................................................................ [ 34%]
............................................EEEEEEEEEEEEEEEEEEEEEEEEEEEE [ 41%]
.E....EEEEEE..................EEEEEEEEEEEEE.....EE...................... [ 48%]
..........EEEEEEEEEEEEEEEEEEEsE......................................... [ 55%]
............EEEEE...EEE.EEEE..EEEEEEEEEEE...............EEEEE.EEEEEEE.E. [ 62%]
.EEEEEssEEEEEEEEEEEEEEEEEEEEEEEEEEEEEEE.............EE.EEE.............. [ 69%]
.....E..EEEEEEEEEEEEEEE............EE...EE...............EE..EE......... [ 76%]
...........EEEEEEEEEEEEEEEEEEEEEEEEEEEEEEEEEEEEEEEEEEEEEEEEEEEEEEE...... [ 83%]
..EEEEEEEEEEEEE...EEEE...................EEEEEEEEEEEEEEEEEEEEEE......... [ 90%]
..........E.....ssss.EE..E.......EEEE................EE.E............... [ 97%]
..............EEEEEEsss......                                            [100%]
==================================== ERRORS ====================================
_ ERROR at setup of test_the_fallback_decision_is_refused_without_an_authorizing_prior _

self = PosixPath('/mnt/afs/260010168/EarthDelta/runs/online/v92_execution_20260930T071601Z/code/t1/runs/online/t1_reserved/tmp/existing_cpu')
mode = 448, parents = False, exist_ok = False

    def mkdir(self, mode=0o777, parents=False, exist_ok=False):
        """
        Create a new directory at this given path.
        """
        try:
>           self._accessor.mkdir(self, mode)
E           FileNotFoundError: [Errno 2] No such file or directory: '/mnt/afs/260010168/EarthDelta/runs/online/v92_execution_20260930T071601Z/code/t1/runs/online/t1_reserved/tmp/existing_cpu'

/usr/lib/python3.10/pathlib.py:1175: FileNotFoundError
__________ ERROR at setup of test_zero_edit_equals_forward_validation __________

self = PosixPath('/mnt/afs/260010168/EarthDelta/runs/online/v92_execution_20260930T071601Z/code/t1/runs/online/t1_reserved/tmp/existing_cpu')
mode = 448, parents = False, exist_ok = False

    def mkdir(self, mode=0o777, parents=False, exist_ok=False):
        """
        Create a new directory at this given path.
        """
        try:
>           self._accessor.mkdir(self, mode)
E           FileNotFoundError: [Errno 2] No such file or directory: '/mnt/afs/260010168/EarthDelta/runs/online/v92_execution_20260930T071601Z/code/t1/runs/online/t1_reserved/tmp/existing_cpu'

/usr/lib/python3.10/pathlib.py:1175: FileNotFoundError
_____ ERROR at setup of test_zero_coefficients_with_loras_equals_no_loras ______

self = PosixPath('/mnt/afs/260010168/EarthDelta/runs/online/v92_execution_20260930T071601Z/code/t1/runs/online/t1_reserved/tmp/existing_cpu')
mode = 448, parents = False, exist_ok = False

    def mkdir(self, mode=0o777, parents=False, exist_ok=False):
        """
        Create a new directory at this given path.
        """
        try:
>           self._accessor.mkdir(self, mode)
E           FileNotFoundError: [Errno 2] No such file or directory: '/mnt/afs/260010168/EarthDelta/runs/online/v92_execution_20260930T071601Z/code/t1/runs/online/t1_reserved/tmp/existing_cpu'

/usr/lib/python3.10/pathlib.py:1175: FileNotFoundError
______________ ERROR at setup of test_no_state_leak_differential _______________

self = PosixPath('/mnt/afs/260010168/EarthDelta/runs/online/v92_execution_20260930T071601Z/code/t1/runs/online/t1_reserved/tmp/existing_cpu')
mode = 448, parents = False, exist_ok = False

    def mkdir(self, mode=0o777, parents=False, exist_ok=False):
        """
        Create a new directory at this given path.
        """
        try:
>           self._accessor.mkdir(self, mode)
E           FileNotFoundError: [Errno 2] No such file or directory: '/mnt/afs/260010168/EarthDelta/runs/online/v92_execution_20260930T071601Z/code/t1/runs/online/t1_reserved/tmp/existing_cpu'

/usr/lib/python3.10/pathlib.py:1175: FileNotFoundError
_______________ ERROR at setup of test_normalization_round_trip ________________

self = PosixPath('/mnt/afs/260010168/EarthDelta/runs/online/v92_execution_20260930T071601Z/code/t1/runs/online/t1_reserved/tmp/existing_cpu')
mode = 448, parents = False, exist_ok = False

    def mkdir(self, mode=0o777, parents=False, exist_ok=False):
        """
        Create a new directory at this given path.
        """
        try:
>           self._accessor.mkdir(self, mode)
E           FileNotFoundError: [Errno 2] No such file or directory: '/mnt/afs/260010168/EarthDelta/runs/online/v92_execution_20260930T071601Z/code/t1/runs/online/t1_reserved/tmp/existing_cpu'

/usr/lib/python3.10/pathlib.py:1175: FileNotFoundError
_____________ ERROR at setup of test_diff_normalization_round_trip _____________

self = PosixPath('/mnt/afs/260010168/EarthDelta/runs/online/v92_execution_20260930T071601Z/code/t1/runs/online/t1_reserved/tmp/existing_cpu')
mode = 448, parents = False, exist_ok = False

    def mkdir(self, mode=0o777, parents=False, exist_ok=False):
        """
        Create a new directory at this given path.
        """
        try:
>           self._accessor.mkdir(self, mode)
E           FileNotFoundError: [Errno 2] No such file or directory: '/mnt/afs/260010168/EarthDelta/runs/online/v92_execution_20260930T071601Z/code/t1/runs/online/t1_reserved/tmp/existing_cpu'

/usr/lib/python3.10/pathlib.py:1175: FileNotFoundError
________ ERROR at setup of test_replace_constant_zeros_correct_channels ________

self = PosixPath('/mnt/afs/260010168/EarthDelta/runs/online/v92_execution_20260930T071601Z/code/t1/runs/online/t1_reserved/tmp/existing_cpu')
mode = 448, parents = False, exist_ok = False

    def mkdir(self, mode=0o777, parents=False, exist_ok=False):
        """
        Create a new directory at this given path.
        """
        try:
>           self._accessor.mkdir(self, mode)
E           FileNotFoundError: [Errno 2] No such file or directory: '/mnt/afs/260010168/EarthDelta/runs/online/v92_execution_20260930T071601Z/code/t1/runs/online/t1_reserved/tmp/existing_cpu'

/usr/lib/python3.10/pathlib.py:1175: FileNotFoundError
__________ ERROR at setup of test_artifact_version_mismatch_rejection __________

self = PosixPath('/mnt/afs/260010168/EarthDelta/runs/online/v92_execution_20260930T071601Z/code/t1/runs/online/t1_reserved/tmp/existing_cpu')
mode = 448, parents = False, exist_ok = False

    def mkdir(self, mode=0o777, parents=False, exist_ok=False):
        """
        Create a new directory at this given path.
        """
        try:
>           self._accessor.mkdir(self, mode)
E           FileNotFoundError: [Errno 2] No such file or directory: '/mnt/afs/260010168/EarthDelta/runs/online/v92_execution_20260930T071601Z/code/t1/runs/online/t1_reserved/tmp/existing_cpu'

/usr/lib/python3.10/pathlib.py:1175: FileNotFoundError
____________ ERROR at setup of test_artifact_version_mismatch_grid _____________

self = PosixPath('/mnt/afs/260010168/EarthDelta/runs/online/v92_execution_20260930T071601Z/code/t1/runs/online/t1_reserved/tmp/existing_cpu')
mode = 448, parents = False, exist_ok = False

    def mkdir(self, mode=0o777, parents=False, exist_ok=False):
        """
        Create a new directory at this given path.
        """
        try:
>           self._accessor.mkdir(self, mode)
E           FileNotFoundError: [Errno 2] No such file or directory: '/mnt/afs/260010168/EarthDelta/runs/online/v92_execution_20260930T071601Z/code/t1/runs/online/t1_reserved/tmp/existing_cpu'

/usr/lib/python3.10/pathlib.py:1175: FileNotFoundError
____________ ERROR at setup of test_artifact_version_match_succeeds ____________

self = PosixPath('/mnt/afs/260010168/EarthDelta/runs/online/v92_execution_20260930T071601Z/code/t1/runs/online/t1_reserved/tmp/existing_cpu')
mode = 448, parents = False, exist_ok = False

    def mkdir(self, mode=0o777, parents=False, exist_ok=False):
        """
        Create a new directory at this given path.
        """
        try:
>           self._accessor.mkdir(self, mode)
E           FileNotFoundError: [Errno 2] No such file or directory: '/mnt/afs/260010168/EarthDelta/runs/online/v92_execution_20260930T071601Z/code/t1/runs/online/t1_reserved/tmp/existing_cpu'

/usr/lib/python3.10/pathlib.py:1175: FileNotFoundError
__________________ ERROR at setup of test_pad_unpad_identity ___________________

self = PosixPath('/mnt/afs/260010168/EarthDelta/runs/online/v92_execution_20260930T071601Z/code/t1/runs/online/t1_reserved/tmp/existing_cpu')
mode = 448, parents = False, exist_ok = False

    def mkdir(self, mode=0o777, parents=False, exist_ok=False):
        """
        Create a new directory at this given path.
        """
        try:
>           self._accessor.mkdir(self, mode)
E           FileNotFoundError: [Errno 2] No such file or directory: '/mnt/afs/260010168/EarthDelta/runs/online/v92_execution_20260930T071601Z/code/t1/runs/online/t1_reserved/tmp/existing_cpu'

/usr/lib/python3.10/pathlib.py:1175: FileNotFoundError
_____ ERROR at setup of test_controlled_rollout_with_nonzero_coefficients ______

self = PosixPath('/mnt/afs/260010168/EarthDelta/runs/online/v92_execution_20260930T071601Z/code/t1/runs/online/t1_reserved/tmp/existing_cpu')
mode = 448, parents = False, exist_ok = False

    def mkdir(self, mode=0o777, parents=False, exist_ok=False):
        """
        Create a new directory at this given path.
        """
        try:
>           self._accessor.mkdir(self, mode)
E           FileNotFoundError: [Errno 2] No such file or directory: '/mnt/afs/260010168/EarthDelta/runs/online/v92_execution_20260930T071601Z/code/t1/runs/online/t1_reserved/tmp/existing_cpu'

/usr/lib/python3.10/pathlib.py:1175: FileNotFoundError
_____________ ERROR at setup of test_application_window_respected ______________

self = PosixPath('/mnt/afs/260010168/EarthDelta/runs/online/v92_execution_20260930T071601Z/code/t1/runs/online/t1_reserved/tmp/existing_cpu')
mode = 448, parents = False, exist_ok = False

    def mkdir(self, mode=0o777, parents=False, exist_ok=False):
        """
        Create a new directory at this given path.
        """
        try:
>           self._accessor.mkdir(self, mode)
E           FileNotFoundError: [Errno 2] No such file or directory: '/mnt/afs/260010168/EarthDelta/runs/online/v92_execution_20260930T071601Z/code/t1/runs/online/t1_reserved/tmp/existing_cpu'

/usr/lib/python3.10/pathlib.py:1175: FileNotFoundError
_________ ERROR at setup of test_hooks_removed_after_normal_completion _________

self = PosixPath('/mnt/afs/260010168/EarthDelta/runs/online/v92_execution_20260930T071601Z/code/t1/runs/online/t1_reserved/tmp/existing_cpu')
mode = 448, parents = False, exist_ok = False

    def mkdir(self, mode=0o777, parents=False, exist_ok=False):
        """
        Create a new directory at this given path.
        """
        try:
>           self._accessor.mkdir(self, mode)
E           FileNotFoundError: [Errno 2] No such file or directory: '/mnt/afs/260010168/EarthDelta/runs/online/v92_execution_20260930T071601Z/code/t1/runs/online/t1_reserved/tmp/existing_cpu'

/usr/lib/python3.10/pathlib.py:1175: FileNotFoundError
_____________ ERROR at setup of test_hooks_removed_after_exception _____________

self = PosixPath('/mnt/afs/260010168/EarthDelta/runs/online/v92_execution_20260930T071601Z/code/t1/runs/online/t1_reserved/tmp/existing_cpu')
mode = 448, parents = False, exist_ok = False

    def mkdir(self, mode=0o777, parents=False, exist_ok=False):
        """
        Create a new directory at this given path.
        """
        try:
>           self._accessor.mkdir(self, mode)
E           FileNotFoundError: [Errno 2] No such file or directory: '/mnt/afs/260010168/EarthDelta/runs/online/v92_execution_20260930T071601Z/code/t1/runs/online/t1_reserved/tmp/existing_cpu'

/usr/lib/python3.10/pathlib.py:1175: FileNotFoundError
___________ ERROR at setup of test_registry_round_trips_through_json ___________

self = PosixPath('/mnt/afs/260010168/EarthDelta/runs/online/v92_execution_20260930T071601Z/code/t1/runs/online/t1_reserved/tmp/existing_cpu')
mode = 448, parents = False, exist_ok = False

    def mkdir(self, mode=0o777, parents=False, exist_ok=False):
        """
        Create a new directory at this given path.
        """
        try:
>           self._accessor.mkdir(self, mode)
E           FileNotFoundError: [Errno 2] No such file or directory: '/mnt/afs/260010168/EarthDelta/runs/online/v92_execution_20260930T071601Z/code/t1/runs/online/t1_reserved/tmp/existing_cpu'

/usr/lib/python3.10/pathlib.py:1175: FileNotFoundError
_ ERROR at setup of test_negative_loading_a_registry_with_a_complex_string_coefficient _

self = PosixPath('/mnt/afs/260010168/EarthDelta/runs/online/v92_execution_20260930T071601Z/code/t1/runs/online/t1_reserved/tmp/existing_cpu')
mode = 448, parents = False, exist_ok = False

    def mkdir(self, mode=0o777, parents=False, exist_ok=False):
        """
        Create a new directory at this given path.
        """
        try:
>           self._accessor.mkdir(self, mode)
E           FileNotFoundError: [Errno 2] No such file or directory: '/mnt/afs/260010168/EarthDelta/runs/online/v92_execution_20260930T071601Z/code/t1/runs/online/t1_reserved/tmp/existing_cpu'

/usr/lib/python3.10/pathlib.py:1175: FileNotFoundError
_ ERROR at setup of test_negative_loading_a_registry_written_under_another_schema _

self = PosixPath('/mnt/afs/260010168/EarthDelta/runs/online/v92_execution_20260930T071601Z/code/t1/runs/online/t1_reserved/tmp/existing_cpu')
mode = 448, parents = False, exist_ok = False

    def mkdir(self, mode=0o777, parents=False, exist_ok=False):
        """
        Create a new directory at this given path.
        """
        try:
>           self._accessor.mkdir(self, mode)
E           FileNotFoundError: [Errno 2] No such file or directory: '/mnt/afs/260010168/EarthDelta/runs/online/v92_execution_20260930T071601Z/code/t1/runs/online/t1_reserved/tmp/existing_cpu'

/usr/lib/python3.10/pathlib.py:1175: FileNotFoundError
____ ERROR at setup of test_fixture_references_exactly_the_five_class_paths ____

tmp_path_factory = TempPathFactory(_given_basetemp=PosixPath('/mnt/afs/260010168/EarthDelta/runs/online/v92_execution_20260930T071601Z/co...e=<pluggy._tracing.TagTracerSub object at 0x7f4a4542e770>, _basetemp=None, _retention_count=3, _retention_policy='all')

    @pytest.fixture(scope="module")
    def fake_ckpt(tmp_path_factory):
        """Build a synthetic Lightning-style checkpoint referencing the five class paths.
    
        The source package is materialized on disk and imported normally, so the
        *writing* side does not depend on the shim under test.
        """
>       root = tmp_path_factory.mktemp("climate_learn_pkg")

tests/test_checkpoint_compat_shim.py:98: 
_ _ _ _ _ _ _ _ _ _ _ _ _ _ _ _ _ _ _ _ _ _ _ _ _ _ _ _ _ _ _ _ _ _ _ _ _ _ _ _ 
/usr/local/lib/python3.10/dist-packages/_pytest/tmpdir.py:131: in mktemp
    basename = self._ensure_relative_to_basetemp(basename)
/usr/local/lib/python3.10/dist-packages/_pytest/tmpdir.py:112: in _ensure_relative_to_basetemp
    if (self.getbasetemp() / basename).resolve().parent != self.getbasetemp():
/usr/local/lib/python3.10/dist-packages/_pytest/tmpdir.py:153: in getbasetemp
    basetemp.mkdir(mode=0o700)
_ _ _ _ _ _ _ _ _ _ _ _ _ _ _ _ _ _ _ _ _ _ _ _ _ _ _ _ _ _ _ _ _ _ _ _ _ _ _ _ 

self = PosixPath('/mnt/afs/260010168/EarthDelta/runs/online/v92_execution_20260930T071601Z/code/t1/runs/online/t1_reserved/tmp/existing_cpu')
mode = 448, parents = False, exist_ok = False

    def mkdir(self, mode=0o777, parents=False, exist_ok=False):
        """
        Create a new directory at this given path.
        """
        try:
>           self._accessor.mkdir(self, mode)
E           FileNotFoundError: [Errno 2] No such file or directory: '/mnt/afs/260010168/EarthDelta/runs/online/v92_execution_20260930T071601Z/code/t1/runs/online/t1_reserved/tmp/existing_cpu'

/usr/lib/python3.10/pathlib.py:1175: FileNotFoundError
____ ERROR at setup of test_without_shim_torch_load_raises_module_not_found ____

tmp_path_factory = TempPathFactory(_given_basetemp=PosixPath('/mnt/afs/260010168/EarthDelta/runs/online/v92_execution_20260930T071601Z/co...e=<pluggy._tracing.TagTracerSub object at 0x7f4a4542e770>, _basetemp=None, _retention_count=3, _retention_policy='all')

    @pytest.fixture(scope="module")
    def fake_ckpt(tmp_path_factory):
        """Build a synthetic Lightning-style checkpoint referencing the five class paths.
    
        The source package is materialized on disk and imported normally, so the
        *writing* side does not depend on the shim under test.
        """
>       root = tmp_path_factory.mktemp("climate_learn_pkg")

tests/test_checkpoint_compat_shim.py:98: 
_ _ _ _ _ _ _ _ _ _ _ _ _ _ _ _ _ _ _ _ _ _ _ _ _ _ _ _ _ _ _ _ _ _ _ _ _ _ _ _ 
/usr/local/lib/python3.10/dist-packages/_pytest/tmpdir.py:131: in mktemp
    basename = self._ensure_relative_to_basetemp(basename)
/usr/local/lib/python3.10/dist-packages/_pytest/tmpdir.py:112: in _ensure_relative_to_basetemp
    if (self.getbasetemp() / basename).resolve().parent != self.getbasetemp():
/usr/local/lib/python3.10/dist-packages/_pytest/tmpdir.py:153: in getbasetemp
    basetemp.mkdir(mode=0o700)
_ _ _ _ _ _ _ _ _ _ _ _ _ _ _ _ _ _ _ _ _ _ _ _ _ _ _ _ _ _ _ _ _ _ _ _ _ _ _ _ 

self = PosixPath('/mnt/afs/260010168/EarthDelta/runs/online/v92_execution_20260930T071601Z/code/t1/runs/online/t1_reserved/tmp/existing_cpu')
mode = 448, parents = False, exist_ok = False

    def mkdir(self, mode=0o777, parents=False, exist_ok=False):
        """
        Create a new directory at this given path.
        """
        try:
>           self._accessor.mkdir(self, mode)
E           FileNotFoundError: [Errno 2] No such file or directory: '/mnt/afs/260010168/EarthDelta/runs/online/v92_execution_20260930T071601Z/code/t1/runs/online/t1_reserved/tmp/existing_cpu'

/usr/lib/python3.10/pathlib.py:1175: FileNotFoundError
_ ERROR at setup of test_with_shim_torch_load_succeeds_and_state_dict_is_intact _

tmp_path_factory = TempPathFactory(_given_basetemp=PosixPath('/mnt/afs/260010168/EarthDelta/runs/online/v92_execution_20260930T071601Z/co...e=<pluggy._tracing.TagTracerSub object at 0x7f4a4542e770>, _basetemp=None, _retention_count=3, _retention_policy='all')

    @pytest.fixture(scope="module")
    def fake_ckpt(tmp_path_factory):
        """Build a synthetic Lightning-style checkpoint referencing the five class paths.
    
        The source package is materialized on disk and imported normally, so the
        *writing* side does not depend on the shim under test.
        """
>       root = tmp_path_factory.mktemp("climate_learn_pkg")

tests/test_checkpoint_compat_shim.py:98: 
_ _ _ _ _ _ _ _ _ _ _ _ _ _ _ _ _ _ _ _ _ _ _ _ _ _ _ _ _ _ _ _ _ _ _ _ _ _ _ _ 
/usr/local/lib/python3.10/dist-packages/_pytest/tmpdir.py:131: in mktemp
    basename = self._ensure_relative_to_basetemp(basename)
/usr/local/lib/python3.10/dist-packages/_pytest/tmpdir.py:112: in _ensure_relative_to_basetemp
    if (self.getbasetemp() / basename).resolve().parent != self.getbasetemp():
/usr/local/lib/python3.10/dist-packages/_pytest/tmpdir.py:153: in getbasetemp
    basetemp.mkdir(mode=0o700)
_ _ _ _ _ _ _ _ _ _ _ _ _ _ _ _ _ _ _ _ _ _ _ _ _ _ _ _ _ _ _ _ _ _ _ _ _ _ _ _ 

self = PosixPath('/mnt/afs/260010168/EarthDelta/runs/online/v92_execution_20260930T071601Z/code/t1/runs/online/t1_reserved/tmp/existing_cpu')
mode = 448, parents = False, exist_ok = False

    def mkdir(self, mode=0o777, parents=False, exist_ok=False):
        """
        Create a new directory at this given path.
        """
        try:
>           self._accessor.mkdir(self, mode)
E           FileNotFoundError: [Errno 2] No such file or directory: '/mnt/afs/260010168/EarthDelta/runs/online/v92_execution_20260930T071601Z/code/t1/runs/online/t1_reserved/tmp/existing_cpu'

/usr/lib/python3.10/pathlib.py:1175: FileNotFoundError
_ ERROR at setup of test_net_prefix_stripping_still_works_on_shim_loaded_state_dict _

tmp_path_factory = TempPathFactory(_given_basetemp=PosixPath('/mnt/afs/260010168/EarthDelta/runs/online/v92_execution_20260930T071601Z/co...e=<pluggy._tracing.TagTracerSub object at 0x7f4a4542e770>, _basetemp=None, _retention_count=3, _retention_policy='all')

    @pytest.fixture(scope="module")
    def fake_ckpt(tmp_path_factory):
        """Build a synthetic Lightning-style checkpoint referencing the five class paths.
    
        The source package is materialized on disk and imported normally, so the
        *writing* side does not depend on the shim under test.
        """
>       root = tmp_path_factory.mktemp("climate_learn_pkg")

tests/test_checkpoint_compat_shim.py:98: 
_ _ _ _ _ _ _ _ _ _ _ _ _ _ _ _ _ _ _ _ _ _ _ _ _ _ _ _ _ _ _ _ _ _ _ _ _ _ _ _ 
/usr/local/lib/python3.10/dist-packages/_pytest/tmpdir.py:131: in mktemp
    basename = self._ensure_relative_to_basetemp(basename)
/usr/local/lib/python3.10/dist-packages/_pytest/tmpdir.py:112: in _ensure_relative_to_basetemp
    if (self.getbasetemp() / basename).resolve().parent != self.getbasetemp():
/usr/local/lib/python3.10/dist-packages/_pytest/tmpdir.py:153: in getbasetemp
    basetemp.mkdir(mode=0o700)
_ _ _ _ _ _ _ _ _ _ _ _ _ _ _ _ _ _ _ _ _ _ _ _ _ _ _ _ _ _ _ _ _ _ _ _ _ _ _ _ 

self = PosixPath('/mnt/afs/260010168/EarthDelta/runs/online/v92_execution_20260930T071601Z/code/t1/runs/online/t1_reserved/tmp/existing_cpu')
mode = 448, parents = False, exist_ok = False

    def mkdir(self, mode=0o777, parents=False, exist_ok=False):
        """
        Create a new directory at this given path.
        """
        try:
>           self._accessor.mkdir(self, mode)
E           FileNotFoundError: [Errno 2] No such file or directory: '/mnt/afs/260010168/EarthDelta/runs/online/v92_execution_20260930T071601Z/code/t1/runs/online/t1_reserved/tmp/existing_cpu'

/usr/lib/python3.10/pathlib.py:1175: FileNotFoundError
__________________ ERROR at setup of test_shim_is_idempotent ___________________

tmp_path_factory = TempPathFactory(_given_basetemp=PosixPath('/mnt/afs/260010168/EarthDelta/runs/online/v92_execution_20260930T071601Z/co...e=<pluggy._tracing.TagTracerSub object at 0x7f4a4542e770>, _basetemp=None, _retention_count=3, _retention_policy='all')

    @pytest.fixture(scope="module")
    def fake_ckpt(tmp_path_factory):
        """Build a synthetic Lightning-style checkpoint referencing the five class paths.
    
        The source package is materialized on disk and imported normally, so the
        *writing* side does not depend on the shim under test.
        """
>       root = tmp_path_factory.mktemp("climate_learn_pkg")

tests/test_checkpoint_compat_shim.py:98: 
_ _ _ _ _ _ _ _ _ _ _ _ _ _ _ _ _ _ _ _ _ _ _ _ _ _ _ _ _ _ _ _ _ _ _ _ _ _ _ _ 
/usr/local/lib/python3.10/dist-packages/_pytest/tmpdir.py:131: in mktemp
    basename = self._ensure_relative_to_basetemp(basename)
/usr/local/lib/python3.10/dist-packages/_pytest/tmpdir.py:112: in _ensure_relative_to_basetemp
    if (self.getbasetemp() / basename).resolve().parent != self.getbasetemp():
/usr/local/lib/python3.10/dist-packages/_pytest/tmpdir.py:153: in getbasetemp
    basetemp.mkdir(mode=0o700)
_ _ _ _ _ _ _ _ _ _ _ _ _ _ _ _ _ _ _ _ _ _ _ _ _ _ _ _ _ _ _ _ _ _ _ _ _ _ _ _ 

self = PosixPath('/mnt/afs/260010168/EarthDelta/runs/online/v92_execution_20260930T071601Z/code/t1/runs/online/t1_reserved/tmp/existing_cpu')
mode = 448, parents = False, exist_ok = False

    def mkdir(self, mode=0o777, parents=False, exist_ok=False):
        """
        Create a new directory at this given path.
        """
        try:
>           self._accessor.mkdir(self, mode)
E           FileNotFoundError: [Errno 2] No such file or directory: '/mnt/afs/260010168/EarthDelta/runs/online/v92_execution_20260930T071601Z/code/t1/runs/online/t1_reserved/tmp/existing_cpu'

/usr/lib/python3.10/pathlib.py:1175: FileNotFoundError
_______ ERROR at setup of test_shim_does_not_clobber_a_real_installation _______

self = PosixPath('/mnt/afs/260010168/EarthDelta/runs/online/v92_execution_20260930T071601Z/code/t1/runs/online/t1_reserved/tmp/existing_cpu')
mode = 448, parents = False, exist_ok = False

    def mkdir(self, mode=0o777, parents=False, exist_ok=False):
        """
        Create a new directory at this given path.
        """
        try:
>           self._accessor.mkdir(self, mode)
E           FileNotFoundError: [Errno 2] No such file or directory: '/mnt/afs/260010168/EarthDelta/runs/online/v92_execution_20260930T071601Z/code/t1/runs/online/t1_reserved/tmp/existing_cpu'

/usr/lib/python3.10/pathlib.py:1175: FileNotFoundError
_____________ ERROR at setup of test_positive_subset_is_certified ______________

self = PosixPath('/mnt/afs/260010168/EarthDelta/runs/online/v92_execution_20260930T071601Z/code/t1/runs/online/t1_reserved/tmp/existing_cpu')
mode = 448, parents = False, exist_ok = False

    def mkdir(self, mode=0o777, parents=False, exist_ok=False):
        """
        Create a new directory at this given path.
        """
        try:
>           self._accessor.mkdir(self, mode)
E           FileNotFoundError: [Errno 2] No such file or directory: '/mnt/afs/260010168/EarthDelta/runs/online/v92_execution_20260930T071601Z/code/t1/runs/online/t1_reserved/tmp/existing_cpu'

/usr/lib/python3.10/pathlib.py:1175: FileNotFoundError
______ ERROR at setup of test_certificate_records_the_real_slice_identity ______

self = PosixPath('/mnt/afs/260010168/EarthDelta/runs/online/v92_execution_20260930T071601Z/code/t1/runs/online/t1_reserved/tmp/existing_cpu')
mode = 448, parents = False, exist_ok = False

    def mkdir(self, mode=0o777, parents=False, exist_ok=False):
        """
        Create a new directory at this given path.
        """
        try:
>           self._accessor.mkdir(self, mode)
E           FileNotFoundError: [Errno 2] No such file or directory: '/mnt/afs/260010168/EarthDelta/runs/online/v92_execution_20260930T071601Z/code/t1/runs/online/t1_reserved/tmp/existing_cpu'

/usr/lib/python3.10/pathlib.py:1175: FileNotFoundError
___ ERROR at setup of test_content_digest_is_reproducible_and_slice_specific ___

self = PosixPath('/mnt/afs/260010168/EarthDelta/runs/online/v92_execution_20260930T071601Z/code/t1/runs/online/t1_reserved/tmp/existing_cpu')
mode = 448, parents = False, exist_ok = False

    def mkdir(self, mode=0o777, parents=False, exist_ok=False):
        """
        Create a new directory at this given path.
        """
        try:
>           self._accessor.mkdir(self, mode)
E           FileNotFoundError: [Errno 2] No such file or directory: '/mnt/afs/260010168/EarthDelta/runs/online/v92_execution_20260930T071601Z/code/t1/runs/online/t1_reserved/tmp/existing_cpu'

/usr/lib/python3.10/pathlib.py:1175: FileNotFoundError
_ ERROR at setup of test_batching_does_not_change_the_verdict_or_the_statistics _

self = PosixPath('/mnt/afs/260010168/EarthDelta/runs/online/v92_execution_20260930T071601Z/code/t1/runs/online/t1_reserved/tmp/existing_cpu')
mode = 448, parents = False, exist_ok = False

    def mkdir(self, mode=0o777, parents=False, exist_ok=False):
        """
        Create a new directory at this given path.
        """
        try:
>           self._accessor.mkdir(self, mode)
E           FileNotFoundError: [Errno 2] No such file or directory: '/mnt/afs/260010168/EarthDelta/runs/online/v92_execution_20260930T071601Z/code/t1/runs/online/t1_reserved/tmp/existing_cpu'

/usr/lib/python3.10/pathlib.py:1175: FileNotFoundError
_ ERROR at setup of test_certificate_carries_the_frozen_role_and_admission_ids _

self = PosixPath('/mnt/afs/260010168/EarthDelta/runs/online/v92_execution_20260930T071601Z/code/t1/runs/online/t1_reserved/tmp/existing_cpu')
mode = 448, parents = False, exist_ok = False

    def mkdir(self, mode=0o777, parents=False, exist_ok=False):
        """
        Create a new directory at this given path.
        """
        try:
>           self._accessor.mkdir(self, mode)
E           FileNotFoundError: [Errno 2] No such file or directory: '/mnt/afs/260010168/EarthDelta/runs/online/v92_execution_20260930T071601Z/code/t1/runs/online/t1_reserved/tmp/existing_cpu'

/usr/lib/python3.10/pathlib.py:1175: FileNotFoundError
_____ ERROR at setup of test_unknown_data_role_on_a_certificate_is_refused _____

self = PosixPath('/mnt/afs/260010168/EarthDelta/runs/online/v92_execution_20260930T071601Z/code/t1/runs/online/t1_reserved/tmp/existing_cpu')
mode = 448, parents = False, exist_ok = False

    def mkdir(self, mode=0o777, parents=False, exist_ok=False):
        """
        Create a new directory at this given path.
        """
        try:
>           self._accessor.mkdir(self, mode)
E           FileNotFoundError: [Errno 2] No such file or directory: '/mnt/afs/260010168/EarthDelta/runs/online/v92_execution_20260930T071601Z/code/t1/runs/online/t1_reserved/tmp/existing_cpu'

/usr/lib/python3.10/pathlib.py:1175: FileNotFoundError
_ ERROR at setup of test_shape_check_admits_a_store_the_content_check_refuses __

self = PosixPath('/mnt/afs/260010168/EarthDelta/runs/online/v92_execution_20260930T071601Z/code/t1/runs/online/t1_reserved/tmp/existing_cpu')
mode = 448, parents = False, exist_ok = False

    def mkdir(self, mode=0o777, parents=False, exist_ok=False):
        """
        Create a new directory at this given path.
        """
        try:
>           self._accessor.mkdir(self, mode)
E           FileNotFoundError: [Errno 2] No such file or directory: '/mnt/afs/260010168/EarthDelta/runs/online/v92_execution_20260930T071601Z/code/t1/runs/online/t1_reserved/tmp/existing_cpu'

/usr/lib/python3.10/pathlib.py:1175: FileNotFoundError
_____ ERROR at setup of test_negative_all_zero_channel_is_refused_as_fill ______

self = PosixPath('/mnt/afs/260010168/EarthDelta/runs/online/v92_execution_20260930T071601Z/code/t1/runs/online/t1_reserved/tmp/existing_cpu')
mode = 448, parents = False, exist_ok = False

    def mkdir(self, mode=0o777, parents=False, exist_ok=False):
        """
        Create a new directory at this given path.
        """
        try:
>           self._accessor.mkdir(self, mode)
E           FileNotFoundError: [Errno 2] No such file or directory: '/mnt/afs/260010168/EarthDelta/runs/online/v92_execution_20260930T071601Z/code/t1/runs/online/t1_reserved/tmp/existing_cpu'

/usr/lib/python3.10/pathlib.py:1175: FileNotFoundError
_ ERROR at setup of test_negative_spatially_constant_but_nonzero_channel_is_refused _

self = PosixPath('/mnt/afs/260010168/EarthDelta/runs/online/v92_execution_20260930T071601Z/code/t1/runs/online/t1_reserved/tmp/existing_cpu')
mode = 448, parents = False, exist_ok = False

    def mkdir(self, mode=0o777, parents=False, exist_ok=False):
        """
        Create a new directory at this given path.
        """
        try:
>           self._accessor.mkdir(self, mode)
E           FileNotFoundError: [Errno 2] No such file or directory: '/mnt/afs/260010168/EarthDelta/runs/online/v92_execution_20260930T071601Z/code/t1/runs/online/t1_reserved/tmp/existing_cpu'

/usr/lib/python3.10/pathlib.py:1175: FileNotFoundError
_ ERROR at setup of test_negative_wrong_unit_channel_is_outside_the_official_band _

self = PosixPath('/mnt/afs/260010168/EarthDelta/runs/online/v92_execution_20260930T071601Z/code/t1/runs/online/t1_reserved/tmp/existing_cpu')
mode = 448, parents = False, exist_ok = False

    def mkdir(self, mode=0o777, parents=False, exist_ok=False):
        """
        Create a new directory at this given path.
        """
        try:
>           self._accessor.mkdir(self, mode)
E           FileNotFoundError: [Errno 2] No such file or directory: '/mnt/afs/260010168/EarthDelta/runs/online/v92_execution_20260930T071601Z/code/t1/runs/online/t1_reserved/tmp/existing_cpu'

/usr/lib/python3.10/pathlib.py:1175: FileNotFoundError
________ ERROR at setup of test_negative_empty_subset_certifies_nothing ________

self = PosixPath('/mnt/afs/260010168/EarthDelta/runs/online/v92_execution_20260930T071601Z/code/t1/runs/online/t1_reserved/tmp/existing_cpu')
mode = 448, parents = False, exist_ok = False

    def mkdir(self, mode=0o777, parents=False, exist_ok=False):
        """
        Create a new directory at this given path.
        """
        try:
>           self._accessor.mkdir(self, mode)
E           FileNotFoundError: [Errno 2] No such file or directory: '/mnt/afs/260010168/EarthDelta/runs/online/v92_execution_20260930T071601Z/code/t1/runs/online/t1_reserved/tmp/existing_cpu'

/usr/lib/python3.10/pathlib.py:1175: FileNotFoundError
___________ ERROR at setup of test_negative_index_outside_the_store ____________

self = PosixPath('/mnt/afs/260010168/EarthDelta/runs/online/v92_execution_20260930T071601Z/code/t1/runs/online/t1_reserved/tmp/existing_cpu')
mode = 448, parents = False, exist_ok = False

    def mkdir(self, mode=0o777, parents=False, exist_ok=False):
        """
        Create a new directory at this given path.
        """
        try:
>           self._accessor.mkdir(self, mode)
E           FileNotFoundError: [Errno 2] No such file or directory: '/mnt/afs/260010168/EarthDelta/runs/online/v92_execution_20260930T071601Z/code/t1/runs/online/t1_reserved/tmp/existing_cpu'

/usr/lib/python3.10/pathlib.py:1175: FileNotFoundError
____ ERROR at setup of test_negative_negative_index_is_refused_not_wrapped _____

self = PosixPath('/mnt/afs/260010168/EarthDelta/runs/online/v92_execution_20260930T071601Z/code/t1/runs/online/t1_reserved/tmp/existing_cpu')
mode = 448, parents = False, exist_ok = False

    def mkdir(self, mode=0o777, parents=False, exist_ok=False):
        """
        Create a new directory at this given path.
        """
        try:
>           self._accessor.mkdir(self, mode)
E           FileNotFoundError: [Errno 2] No such file or directory: '/mnt/afs/260010168/EarthDelta/runs/online/v92_execution_20260930T071601Z/code/t1/runs/online/t1_reserved/tmp/existing_cpu'

/usr/lib/python3.10/pathlib.py:1175: FileNotFoundError
____________ ERROR at setup of test_negative_empty_store_is_refused ____________

self = PosixPath('/mnt/afs/260010168/EarthDelta/runs/online/v92_execution_20260930T071601Z/code/t1/runs/online/t1_reserved/tmp/existing_cpu')
mode = 448, parents = False, exist_ok = False

    def mkdir(self, mode=0o777, parents=False, exist_ok=False):
        """
        Create a new directory at this given path.
        """
        try:
>           self._accessor.mkdir(self, mode)
E           FileNotFoundError: [Errno 2] No such file or directory: '/mnt/afs/260010168/EarthDelta/runs/online/v92_execution_20260930T071601Z/code/t1/runs/online/t1_reserved/tmp/existing_cpu'

/usr/lib/python3.10/pathlib.py:1175: FileNotFoundError
____________ ERROR at setup of test_negative_channel_count_mismatch ____________

self = PosixPath('/mnt/afs/260010168/EarthDelta/runs/online/v92_execution_20260930T071601Z/code/t1/runs/online/t1_reserved/tmp/existing_cpu')
mode = 448, parents = False, exist_ok = False

    def mkdir(self, mode=0o777, parents=False, exist_ok=False):
        """
        Create a new directory at this given path.
        """
        try:
>           self._accessor.mkdir(self, mode)
E           FileNotFoundError: [Errno 2] No such file or directory: '/mnt/afs/260010168/EarthDelta/runs/online/v92_execution_20260930T071601Z/code/t1/runs/online/t1_reserved/tmp/existing_cpu'

/usr/lib/python3.10/pathlib.py:1175: FileNotFoundError
_______________ ERROR at setup of test_negative_unexpected_dtype _______________

self = PosixPath('/mnt/afs/260010168/EarthDelta/runs/online/v92_execution_20260930T071601Z/code/t1/runs/online/t1_reserved/tmp/existing_cpu')
mode = 448, parents = False, exist_ok = False

    def mkdir(self, mode=0o777, parents=False, exist_ok=False):
        """
        Create a new directory at this given path.
        """
        try:
>           self._accessor.mkdir(self, mode)
E           FileNotFoundError: [Errno 2] No such file or directory: '/mnt/afs/260010168/EarthDelta/runs/online/v92_execution_20260930T071601Z/code/t1/runs/online/t1_reserved/tmp/existing_cpu'

/usr/lib/python3.10/pathlib.py:1175: FileNotFoundError
_________ ERROR at setup of test_negative_batch_size_must_be_positive __________

self = PosixPath('/mnt/afs/260010168/EarthDelta/runs/online/v92_execution_20260930T071601Z/code/t1/runs/online/t1_reserved/tmp/existing_cpu')
mode = 448, parents = False, exist_ok = False

    def mkdir(self, mode=0o777, parents=False, exist_ok=False):
        """
        Create a new directory at this given path.
        """
        try:
>           self._accessor.mkdir(self, mode)
E           FileNotFoundError: [Errno 2] No such file or directory: '/mnt/afs/260010168/EarthDelta/runs/online/v92_execution_20260930T071601Z/code/t1/runs/online/t1_reserved/tmp/existing_cpu'

/usr/lib/python3.10/pathlib.py:1175: FileNotFoundError
_ ERROR at setup of test_non_strict_mode_returns_a_failing_certificate_instead_of_raising _

self = PosixPath('/mnt/afs/260010168/EarthDelta/runs/online/v92_execution_20260930T071601Z/code/t1/runs/online/t1_reserved/tmp/existing_cpu')
mode = 448, parents = False, exist_ok = False

    def mkdir(self, mode=0o777, parents=False, exist_ok=False):
        """
        Create a new directory at this given path.
        """
        try:
>           self._accessor.mkdir(self, mode)
E           FileNotFoundError: [Errno 2] No such file or directory: '/mnt/afs/260010168/EarthDelta/runs/online/v92_execution_20260930T071601Z/code/t1/runs/online/t1_reserved/tmp/existing_cpu'

/usr/lib/python3.10/pathlib.py:1175: FileNotFoundError
_ ERROR at setup of test_failing_certificate_is_attached_to_the_raised_violation _

self = PosixPath('/mnt/afs/260010168/EarthDelta/runs/online/v92_execution_20260930T071601Z/code/t1/runs/online/t1_reserved/tmp/existing_cpu')
mode = 448, parents = False, exist_ok = False

    def mkdir(self, mode=0o777, parents=False, exist_ok=False):
        """
        Create a new directory at this given path.
        """
        try:
>           self._accessor.mkdir(self, mode)
E           FileNotFoundError: [Errno 2] No such file or directory: '/mnt/afs/260010168/EarthDelta/runs/online/v92_execution_20260930T071601Z/code/t1/runs/online/t1_reserved/tmp/existing_cpu'

/usr/lib/python3.10/pathlib.py:1175: FileNotFoundError
______ ERROR at setup of test_missing_constants_refuse_rather_than_guess _______

self = PosixPath('/mnt/afs/260010168/EarthDelta/runs/online/v92_execution_20260930T071601Z/code/t1/runs/online/t1_reserved/tmp/existing_cpu')
mode = 448, parents = False, exist_ok = False

    def mkdir(self, mode=0o777, parents=False, exist_ok=False):
        """
        Create a new directory at this given path.
        """
        try:
>           self._accessor.mkdir(self, mode)
E           FileNotFoundError: [Errno 2] No such file or directory: '/mnt/afs/260010168/EarthDelta/runs/online/v92_execution_20260930T071601Z/code/t1/runs/online/t1_reserved/tmp/existing_cpu'

/usr/lib/python3.10/pathlib.py:1175: FileNotFoundError
___ ERROR at setup of test_skipping_the_band_is_recorded_rather_than_claimed ___

self = PosixPath('/mnt/afs/260010168/EarthDelta/runs/online/v92_execution_20260930T071601Z/code/t1/runs/online/t1_reserved/tmp/existing_cpu')
mode = 448, parents = False, exist_ok = False

    def mkdir(self, mode=0o777, parents=False, exist_ok=False):
        """
        Create a new directory at this given path.
        """
        try:
>           self._accessor.mkdir(self, mode)
E           FileNotFoundError: [Errno 2] No such file or directory: '/mnt/afs/260010168/EarthDelta/runs/online/v92_execution_20260930T071601Z/code/t1/runs/online/t1_reserved/tmp/existing_cpu'

/usr/lib/python3.10/pathlib.py:1175: FileNotFoundError
__ ERROR at setup of test_unknown_channels_with_the_band_required_are_refused __

self = PosixPath('/mnt/afs/260010168/EarthDelta/runs/online/v92_execution_20260930T071601Z/code/t1/runs/online/t1_reserved/tmp/existing_cpu')
mode = 448, parents = False, exist_ok = False

    def mkdir(self, mode=0o777, parents=False, exist_ok=False):
        """
        Create a new directory at this given path.
        """
        try:
>           self._accessor.mkdir(self, mode)
E           FileNotFoundError: [Errno 2] No such file or directory: '/mnt/afs/260010168/EarthDelta/runs/online/v92_execution_20260930T071601Z/code/t1/runs/online/t1_reserved/tmp/existing_cpu'

/usr/lib/python3.10/pathlib.py:1175: FileNotFoundError
_______ ERROR at setup of test_preflight_cli_emits_a_content_certificate _______

self = PosixPath('/mnt/afs/260010168/EarthDelta/runs/online/v92_execution_20260930T071601Z/code/t1/runs/online/t1_reserved/tmp/existing_cpu')
mode = 448, parents = False, exist_ok = False

    def mkdir(self, mode=0o777, parents=False, exist_ok=False):
        """
        Create a new directory at this given path.
        """
        try:
>           self._accessor.mkdir(self, mode)
E           FileNotFoundError: [Errno 2] No such file or directory: '/mnt/afs/260010168/EarthDelta/runs/online/v92_execution_20260930T071601Z/code/t1/runs/online/t1_reserved/tmp/existing_cpu'

/usr/lib/python3.10/pathlib.py:1175: FileNotFoundError
_ ERROR at setup of test_preflight_cli_fails_on_content_even_when_the_shape_is_right _

self = PosixPath('/mnt/afs/260010168/EarthDelta/runs/online/v92_execution_20260930T071601Z/code/t1/runs/online/t1_reserved/tmp/existing_cpu')
mode = 448, parents = False, exist_ok = False

    def mkdir(self, mode=0o777, parents=False, exist_ok=False):
        """
        Create a new directory at this given path.
        """
        try:
>           self._accessor.mkdir(self, mode)
E           FileNotFoundError: [Errno 2] No such file or directory: '/mnt/afs/260010168/EarthDelta/runs/online/v92_execution_20260930T071601Z/code/t1/runs/online/t1_reserved/tmp/existing_cpu'

/usr/lib/python3.10/pathlib.py:1175: FileNotFoundError
_ ERROR at setup of test_requesting_a_certificate_without_verifying_content_is_an_error _

self = PosixPath('/mnt/afs/260010168/EarthDelta/runs/online/v92_execution_20260930T071601Z/code/t1/runs/online/t1_reserved/tmp/existing_cpu')
mode = 448, parents = False, exist_ok = False

    def mkdir(self, mode=0o777, parents=False, exist_ok=False):
        """
        Create a new directory at this given path.
        """
        try:
>           self._accessor.mkdir(self, mode)
E           FileNotFoundError: [Errno 2] No such file or directory: '/mnt/afs/260010168/EarthDelta/runs/online/v92_execution_20260930T071601Z/code/t1/runs/online/t1_reserved/tmp/existing_cpu'

/usr/lib/python3.10/pathlib.py:1175: FileNotFoundError
______ ERROR at setup of test_shortstep_decision_passes_on_machinery_only ______

tmp_path_factory = TempPathFactory(_given_basetemp=PosixPath('/mnt/afs/260010168/EarthDelta/runs/online/v92_execution_20260930T071601Z/co...e=<pluggy._tracing.TagTracerSub object at 0x7f4a4542e770>, _basetemp=None, _retention_count=3, _retention_policy='all')

    @pytest.fixture(scope="module")
    def chain(tmp_path_factory):
>       root = tmp_path_factory.mktemp("fp04_chain")

tests/test_fitted_fs_bank_roundtrip.py:250: 
_ _ _ _ _ _ _ _ _ _ _ _ _ _ _ _ _ _ _ _ _ _ _ _ _ _ _ _ _ _ _ _ _ _ _ _ _ _ _ _ 
/usr/local/lib/python3.10/dist-packages/_pytest/tmpdir.py:131: in mktemp
    basename = self._ensure_relative_to_basetemp(basename)
/usr/local/lib/python3.10/dist-packages/_pytest/tmpdir.py:112: in _ensure_relative_to_basetemp
    if (self.getbasetemp() / basename).resolve().parent != self.getbasetemp():
/usr/local/lib/python3.10/dist-packages/_pytest/tmpdir.py:153: in getbasetemp
    basetemp.mkdir(mode=0o700)
_ _ _ _ _ _ _ _ _ _ _ _ _ _ _ _ _ _ _ _ _ _ _ _ _ _ _ _ _ _ _ _ _ _ _ _ _ _ _ _ 

self = PosixPath('/mnt/afs/260010168/EarthDelta/runs/online/v92_execution_20260930T071601Z/code/t1/runs/online/t1_reserved/tmp/existing_cpu')
mode = 448, parents = False, exist_ok = False

    def mkdir(self, mode=0o777, parents=False, exist_ok=False):
        """
        Create a new directory at this given path.
        """
        try:
>           self._accessor.mkdir(self, mode)
E           FileNotFoundError: [Errno 2] No such file or directory: '/mnt/afs/260010168/EarthDelta/runs/online/v92_execution_20260930T071601Z/code/t1/runs/online/t1_reserved/tmp/existing_cpu'

/usr/lib/python3.10/pathlib.py:1175: FileNotFoundError
_ ERROR at setup of test_every_worker_loaded_the_same_certified_fs_and_initial_bank _

tmp_path_factory = TempPathFactory(_given_basetemp=PosixPath('/mnt/afs/260010168/EarthDelta/runs/online/v92_execution_20260930T071601Z/co...e=<pluggy._tracing.TagTracerSub object at 0x7f4a4542e770>, _basetemp=None, _retention_count=3, _retention_policy='all')

    @pytest.fixture(scope="module")
    def chain(tmp_path_factory):
>       root = tmp_path_factory.mktemp("fp04_chain")

tests/test_fitted_fs_bank_roundtrip.py:250: 
_ _ _ _ _ _ _ _ _ _ _ _ _ _ _ _ _ _ _ _ _ _ _ _ _ _ _ _ _ _ _ _ _ _ _ _ _ _ _ _ 
/usr/local/lib/python3.10/dist-packages/_pytest/tmpdir.py:131: in mktemp
    basename = self._ensure_relative_to_basetemp(basename)
/usr/local/lib/python3.10/dist-packages/_pytest/tmpdir.py:112: in _ensure_relative_to_basetemp
    if (self.getbasetemp() / basename).resolve().parent != self.getbasetemp():
/usr/local/lib/python3.10/dist-packages/_pytest/tmpdir.py:153: in getbasetemp
    basetemp.mkdir(mode=0o700)
_ _ _ _ _ _ _ _ _ _ _ _ _ _ _ _ _ _ _ _ _ _ _ _ _ _ _ _ _ _ _ _ _ _ _ _ _ _ _ _ 

self = PosixPath('/mnt/afs/260010168/EarthDelta/runs/online/v92_execution_20260930T071601Z/code/t1/runs/online/t1_reserved/tmp/existing_cpu')
mode = 448, parents = False, exist_ok = False

    def mkdir(self, mode=0o777, parents=False, exist_ok=False):
        """
        Create a new directory at this given path.
        """
        try:
>           self._accessor.mkdir(self, mode)
E           FileNotFoundError: [Errno 2] No such file or directory: '/mnt/afs/260010168/EarthDelta/runs/online/v92_execution_20260930T071601Z/code/t1/runs/online/t1_reserved/tmp/existing_cpu'

/usr/lib/python3.10/pathlib.py:1175: FileNotFoundError
__ ERROR at setup of test_formal_decision_selects_the_whole_bank_for_assembly __

tmp_path_factory = TempPathFactory(_given_basetemp=PosixPath('/mnt/afs/260010168/EarthDelta/runs/online/v92_execution_20260930T071601Z/co...e=<pluggy._tracing.TagTracerSub object at 0x7f4a4542e770>, _basetemp=None, _retention_count=3, _retention_policy='all')

    @pytest.fixture(scope="module")
    def chain(tmp_path_factory):
>       root = tmp_path_factory.mktemp("fp04_chain")

tests/test_fitted_fs_bank_roundtrip.py:250: 
_ _ _ _ _ _ _ _ _ _ _ _ _ _ _ _ _ _ _ _ _ _ _ _ _ _ _ _ _ _ _ _ _ _ _ _ _ _ _ _ 
/usr/local/lib/python3.10/dist-packages/_pytest/tmpdir.py:131: in mktemp
    basename = self._ensure_relative_to_basetemp(basename)
/usr/local/lib/python3.10/dist-packages/_pytest/tmpdir.py:112: in _ensure_relative_to_basetemp
    if (self.getbasetemp() / basename).resolve().parent != self.getbasetemp():
/usr/local/lib/python3.10/dist-packages/_pytest/tmpdir.py:153: in getbasetemp
    basetemp.mkdir(mode=0o700)
_ _ _ _ _ _ _ _ _ _ _ _ _ _ _ _ _ _ _ _ _ _ _ _ _ _ _ _ _ _ _ _ _ _ _ _ _ _ _ _ 

self = PosixPath('/mnt/afs/260010168/EarthDelta/runs/online/v92_execution_20260930T071601Z/code/t1/runs/online/t1_reserved/tmp/existing_cpu')
mode = 448, parents = False, exist_ok = False

    def mkdir(self, mode=0o777, parents=False, exist_ok=False):
        """
        Create a new directory at this given path.
        """
        try:
>           self._accessor.mkdir(self, mode)
E           FileNotFoundError: [Errno 2] No such file or directory: '/mnt/afs/260010168/EarthDelta/runs/online/v92_execution_20260930T071601Z/code/t1/runs/online/t1_reserved/tmp/existing_cpu'

/usr/lib/python3.10/pathlib.py:1175: FileNotFoundError
_____ ERROR at setup of test_assembly_is_exact_and_the_bundle_is_certified _____

tmp_path_factory = TempPathFactory(_given_basetemp=PosixPath('/mnt/afs/260010168/EarthDelta/runs/online/v92_execution_20260930T071601Z/co...e=<pluggy._tracing.TagTracerSub object at 0x7f4a4542e770>, _basetemp=None, _retention_count=3, _retention_policy='all')

    @pytest.fixture(scope="module")
    def chain(tmp_path_factory):
>       root = tmp_path_factory.mktemp("fp04_chain")

tests/test_fitted_fs_bank_roundtrip.py:250: 
_ _ _ _ _ _ _ _ _ _ _ _ _ _ _ _ _ _ _ _ _ _ _ _ _ _ _ _ _ _ _ _ _ _ _ _ _ _ _ _ 
/usr/local/lib/python3.10/dist-packages/_pytest/tmpdir.py:131: in mktemp
    basename = self._ensure_relative_to_basetemp(basename)
/usr/local/lib/python3.10/dist-packages/_pytest/tmpdir.py:112: in _ensure_relative_to_basetemp
    if (self.getbasetemp() / basename).resolve().parent != self.getbasetemp():
/usr/local/lib/python3.10/dist-packages/_pytest/tmpdir.py:153: in getbasetemp
    basetemp.mkdir(mode=0o700)
_ _ _ _ _ _ _ _ _ _ _ _ _ _ _ _ _ _ _ _ _ _ _ _ _ _ _ _ _ _ _ _ _ _ _ _ _ _ _ _ 

self = PosixPath('/mnt/afs/260010168/EarthDelta/runs/online/v92_execution_20260930T071601Z/code/t1/runs/online/t1_reserved/tmp/existing_cpu')
mode = 448, parents = False, exist_ok = False

    def mkdir(self, mode=0o777, parents=False, exist_ok=False):
        """
        Create a new directory at this given path.
        """
        try:
>           self._accessor.mkdir(self, mode)
E           FileNotFoundError: [Errno 2] No such file or directory: '/mnt/afs/260010168/EarthDelta/runs/online/v92_execution_20260930T071601Z/code/t1/runs/online/t1_reserved/tmp/existing_cpu'

/usr/lib/python3.10/pathlib.py:1175: FileNotFoundError
_____ ERROR at setup of test_a_swapped_fs_is_refused_before_anything_loads _____

tmp_path_factory = TempPathFactory(_given_basetemp=PosixPath('/mnt/afs/260010168/EarthDelta/runs/online/v92_execution_20260930T071601Z/co...e=<pluggy._tracing.TagTracerSub object at 0x7f4a4542e770>, _basetemp=None, _retention_count=3, _retention_policy='all')

    @pytest.fixture(scope="module")
    def chain(tmp_path_factory):
>       root = tmp_path_factory.mktemp("fp04_chain")

tests/test_fitted_fs_bank_roundtrip.py:250: 
_ _ _ _ _ _ _ _ _ _ _ _ _ _ _ _ _ _ _ _ _ _ _ _ _ _ _ _ _ _ _ _ _ _ _ _ _ _ _ _ 
/usr/local/lib/python3.10/dist-packages/_pytest/tmpdir.py:131: in mktemp
    basename = self._ensure_relative_to_basetemp(basename)
/usr/local/lib/python3.10/dist-packages/_pytest/tmpdir.py:112: in _ensure_relative_to_basetemp
    if (self.getbasetemp() / basename).resolve().parent != self.getbasetemp():
/usr/local/lib/python3.10/dist-packages/_pytest/tmpdir.py:153: in getbasetemp
    basetemp.mkdir(mode=0o700)
_ _ _ _ _ _ _ _ _ _ _ _ _ _ _ _ _ _ _ _ _ _ _ _ _ _ _ _ _ _ _ _ _ _ _ _ _ _ _ _ 

self = PosixPath('/mnt/afs/260010168/EarthDelta/runs/online/v92_execution_20260930T071601Z/code/t1/runs/online/t1_reserved/tmp/existing_cpu')
mode = 448, parents = False, exist_ok = False

    def mkdir(self, mode=0o777, parents=False, exist_ok=False):
        """
        Create a new directory at this given path.
        """
        try:
>           self._accessor.mkdir(self, mode)
E           FileNotFoundError: [Errno 2] No such file or directory: '/mnt/afs/260010168/EarthDelta/runs/online/v92_execution_20260930T071601Z/code/t1/runs/online/t1_reserved/tmp/existing_cpu'

/usr/lib/python3.10/pathlib.py:1175: FileNotFoundError
_ ERROR at setup of test_missing_certified_fs_flags_are_refused_for_every_bank_stage _

self = PosixPath('/mnt/afs/260010168/EarthDelta/runs/online/v92_execution_20260930T071601Z/code/t1/runs/online/t1_reserved/tmp/existing_cpu')
mode = 448, parents = False, exist_ok = False

    def mkdir(self, mode=0o777, parents=False, exist_ok=False):
        """
        Create a new directory at this given path.
        """
        try:
>           self._accessor.mkdir(self, mode)
E           FileNotFoundError: [Errno 2] No such file or directory: '/mnt/afs/260010168/EarthDelta/runs/online/v92_execution_20260930T071601Z/code/t1/runs/online/t1_reserved/tmp/existing_cpu'

/usr/lib/python3.10/pathlib.py:1175: FileNotFoundError
_____ ERROR at setup of test_a_swapped_source_or_normalization_is_refused ______

tmp_path_factory = TempPathFactory(_given_basetemp=PosixPath('/mnt/afs/260010168/EarthDelta/runs/online/v92_execution_20260930T071601Z/co...e=<pluggy._tracing.TagTracerSub object at 0x7f4a4542e770>, _basetemp=None, _retention_count=3, _retention_policy='all')

    @pytest.fixture(scope="module")
    def chain(tmp_path_factory):
>       root = tmp_path_factory.mktemp("fp04_chain")

tests/test_fitted_fs_bank_roundtrip.py:250: 
_ _ _ _ _ _ _ _ _ _ _ _ _ _ _ _ _ _ _ _ _ _ _ _ _ _ _ _ _ _ _ _ _ _ _ _ _ _ _ _ 
/usr/local/lib/python3.10/dist-packages/_pytest/tmpdir.py:131: in mktemp
    basename = self._ensure_relative_to_basetemp(basename)
/usr/local/lib/python3.10/dist-packages/_pytest/tmpdir.py:112: in _ensure_relative_to_basetemp
    if (self.getbasetemp() / basename).resolve().parent != self.getbasetemp():
/usr/local/lib/python3.10/dist-packages/_pytest/tmpdir.py:153: in getbasetemp
    basetemp.mkdir(mode=0o700)
_ _ _ _ _ _ _ _ _ _ _ _ _ _ _ _ _ _ _ _ _ _ _ _ _ _ _ _ _ _ _ _ _ _ _ _ _ _ _ _ 

self = PosixPath('/mnt/afs/260010168/EarthDelta/runs/online/v92_execution_20260930T071601Z/code/t1/runs/online/t1_reserved/tmp/existing_cpu')
mode = 448, parents = False, exist_ok = False

    def mkdir(self, mode=0o777, parents=False, exist_ok=False):
        """
        Create a new directory at this given path.
        """
        try:
>           self._accessor.mkdir(self, mode)
E           FileNotFoundError: [Errno 2] No such file or directory: '/mnt/afs/260010168/EarthDelta/runs/online/v92_execution_20260930T071601Z/code/t1/runs/online/t1_reserved/tmp/existing_cpu'

/usr/lib/python3.10/pathlib.py:1175: FileNotFoundError
_ ERROR at setup of test_a_protocol_with_another_normalization_refuses_the_certified_fs _

tmp_path_factory = TempPathFactory(_given_basetemp=PosixPath('/mnt/afs/260010168/EarthDelta/runs/online/v92_execution_20260930T071601Z/co...e=<pluggy._tracing.TagTracerSub object at 0x7f4a4542e770>, _basetemp=None, _retention_count=3, _retention_policy='all')

    @pytest.fixture(scope="module")
    def chain(tmp_path_factory):
>       root = tmp_path_factory.mktemp("fp04_chain")

tests/test_fitted_fs_bank_roundtrip.py:250: 
_ _ _ _ _ _ _ _ _ _ _ _ _ _ _ _ _ _ _ _ _ _ _ _ _ _ _ _ _ _ _ _ _ _ _ _ _ _ _ _ 
/usr/local/lib/python3.10/dist-packages/_pytest/tmpdir.py:131: in mktemp
    basename = self._ensure_relative_to_basetemp(basename)
/usr/local/lib/python3.10/dist-packages/_pytest/tmpdir.py:112: in _ensure_relative_to_basetemp
    if (self.getbasetemp() / basename).resolve().parent != self.getbasetemp():
/usr/local/lib/python3.10/dist-packages/_pytest/tmpdir.py:153: in getbasetemp
    basetemp.mkdir(mode=0o700)
_ _ _ _ _ _ _ _ _ _ _ _ _ _ _ _ _ _ _ _ _ _ _ _ _ _ _ _ _ _ _ _ _ _ _ _ _ _ _ _ 

self = PosixPath('/mnt/afs/260010168/EarthDelta/runs/online/v92_execution_20260930T071601Z/code/t1/runs/online/t1_reserved/tmp/existing_cpu')
mode = 448, parents = False, exist_ok = False

    def mkdir(self, mode=0o777, parents=False, exist_ok=False):
        """
        Create a new directory at this given path.
        """
        try:
>           self._accessor.mkdir(self, mode)
E           FileNotFoundError: [Errno 2] No such file or directory: '/mnt/afs/260010168/EarthDelta/runs/online/v92_execution_20260930T071601Z/code/t1/runs/online/t1_reserved/tmp/existing_cpu'

/usr/lib/python3.10/pathlib.py:1175: FileNotFoundError
_______ ERROR at setup of test_one_tampered_byte_is_refused[expert_2.pt] _______

tmp_path_factory = TempPathFactory(_given_basetemp=PosixPath('/mnt/afs/260010168/EarthDelta/runs/online/v92_execution_20260930T071601Z/co...e=<pluggy._tracing.TagTracerSub object at 0x7f4a4542e770>, _basetemp=None, _retention_count=3, _retention_policy='all')

    @pytest.fixture(scope="module")
    def chain(tmp_path_factory):
>       root = tmp_path_factory.mktemp("fp04_chain")

tests/test_fitted_fs_bank_roundtrip.py:250: 
_ _ _ _ _ _ _ _ _ _ _ _ _ _ _ _ _ _ _ _ _ _ _ _ _ _ _ _ _ _ _ _ _ _ _ _ _ _ _ _ 
/usr/local/lib/python3.10/dist-packages/_pytest/tmpdir.py:131: in mktemp
    basename = self._ensure_relative_to_basetemp(basename)
/usr/local/lib/python3.10/dist-packages/_pytest/tmpdir.py:112: in _ensure_relative_to_basetemp
    if (self.getbasetemp() / basename).resolve().parent != self.getbasetemp():
/usr/local/lib/python3.10/dist-packages/_pytest/tmpdir.py:153: in getbasetemp
    basetemp.mkdir(mode=0o700)
_ _ _ _ _ _ _ _ _ _ _ _ _ _ _ _ _ _ _ _ _ _ _ _ _ _ _ _ _ _ _ _ _ _ _ _ _ _ _ _ 

self = PosixPath('/mnt/afs/260010168/EarthDelta/runs/online/v92_execution_20260930T071601Z/code/t1/runs/online/t1_reserved/tmp/existing_cpu')
mode = 448, parents = False, exist_ok = False

    def mkdir(self, mode=0o777, parents=False, exist_ok=False):
        """
        Create a new directory at this given path.
        """
        try:
>           self._accessor.mkdir(self, mode)
E           FileNotFoundError: [Errno 2] No such file or directory: '/mnt/afs/260010168/EarthDelta/runs/online/v92_execution_20260930T071601Z/code/t1/runs/online/t1_reserved/tmp/existing_cpu'

/usr/lib/python3.10/pathlib.py:1175: FileNotFoundError
_________ ERROR at setup of test_one_tampered_byte_is_refused[bank.pt] _________

tmp_path_factory = TempPathFactory(_given_basetemp=PosixPath('/mnt/afs/260010168/EarthDelta/runs/online/v92_execution_20260930T071601Z/co...e=<pluggy._tracing.TagTracerSub object at 0x7f4a4542e770>, _basetemp=None, _retention_count=3, _retention_policy='all')

    @pytest.fixture(scope="module")
    def chain(tmp_path_factory):
>       root = tmp_path_factory.mktemp("fp04_chain")

tests/test_fitted_fs_bank_roundtrip.py:250: 
_ _ _ _ _ _ _ _ _ _ _ _ _ _ _ _ _ _ _ _ _ _ _ _ _ _ _ _ _ _ _ _ _ _ _ _ _ _ _ _ 
/usr/local/lib/python3.10/dist-packages/_pytest/tmpdir.py:131: in mktemp
    basename = self._ensure_relative_to_basetemp(basename)
/usr/local/lib/python3.10/dist-packages/_pytest/tmpdir.py:112: in _ensure_relative_to_basetemp
    if (self.getbasetemp() / basename).resolve().parent != self.getbasetemp():
/usr/local/lib/python3.10/dist-packages/_pytest/tmpdir.py:153: in getbasetemp
    basetemp.mkdir(mode=0o700)
_ _ _ _ _ _ _ _ _ _ _ _ _ _ _ _ _ _ _ _ _ _ _ _ _ _ _ _ _ _ _ _ _ _ _ _ _ _ _ _ 

self = PosixPath('/mnt/afs/260010168/EarthDelta/runs/online/v92_execution_20260930T071601Z/code/t1/runs/online/t1_reserved/tmp/existing_cpu')
mode = 448, parents = False, exist_ok = False

    def mkdir(self, mode=0o777, parents=False, exist_ok=False):
        """
        Create a new directory at this given path.
        """
        try:
>           self._accessor.mkdir(self, mode)
E           FileNotFoundError: [Errno 2] No such file or directory: '/mnt/afs/260010168/EarthDelta/runs/online/v92_execution_20260930T071601Z/code/t1/runs/online/t1_reserved/tmp/existing_cpu'

/usr/lib/python3.10/pathlib.py:1175: FileNotFoundError
______ ERROR at setup of test_one_tampered_byte_is_refused[registry.json] ______

tmp_path_factory = TempPathFactory(_given_basetemp=PosixPath('/mnt/afs/260010168/EarthDelta/runs/online/v92_execution_20260930T071601Z/co...e=<pluggy._tracing.TagTracerSub object at 0x7f4a4542e770>, _basetemp=None, _retention_count=3, _retention_policy='all')

    @pytest.fixture(scope="module")
    def chain(tmp_path_factory):
>       root = tmp_path_factory.mktemp("fp04_chain")

tests/test_fitted_fs_bank_roundtrip.py:250: 
_ _ _ _ _ _ _ _ _ _ _ _ _ _ _ _ _ _ _ _ _ _ _ _ _ _ _ _ _ _ _ _ _ _ _ _ _ _ _ _ 
/usr/local/lib/python3.10/dist-packages/_pytest/tmpdir.py:131: in mktemp
    basename = self._ensure_relative_to_basetemp(basename)
/usr/local/lib/python3.10/dist-packages/_pytest/tmpdir.py:112: in _ensure_relative_to_basetemp
    if (self.getbasetemp() / basename).resolve().parent != self.getbasetemp():
/usr/local/lib/python3.10/dist-packages/_pytest/tmpdir.py:153: in getbasetemp
    basetemp.mkdir(mode=0o700)
_ _ _ _ _ _ _ _ _ _ _ _ _ _ _ _ _ _ _ _ _ _ _ _ _ _ _ _ _ _ _ _ _ _ _ _ _ _ _ _ 

self = PosixPath('/mnt/afs/260010168/EarthDelta/runs/online/v92_execution_20260930T071601Z/code/t1/runs/online/t1_reserved/tmp/existing_cpu')
mode = 448, parents = False, exist_ok = False

    def mkdir(self, mode=0o777, parents=False, exist_ok=False):
        """
        Create a new directory at this given path.
        """
        try:
>           self._accessor.mkdir(self, mode)
E           FileNotFoundError: [Errno 2] No such file or directory: '/mnt/afs/260010168/EarthDelta/runs/online/v92_execution_20260930T071601Z/code/t1/runs/online/t1_reserved/tmp/existing_cpu'

/usr/lib/python3.10/pathlib.py:1175: FileNotFoundError
_______ ERROR at setup of test_a_registry_index_file_mismatch_is_refused _______

tmp_path_factory = TempPathFactory(_given_basetemp=PosixPath('/mnt/afs/260010168/EarthDelta/runs/online/v92_execution_20260930T071601Z/co...e=<pluggy._tracing.TagTracerSub object at 0x7f4a4542e770>, _basetemp=None, _retention_count=3, _retention_policy='all')

    @pytest.fixture(scope="module")
    def chain(tmp_path_factory):
>       root = tmp_path_factory.mktemp("fp04_chain")

tests/test_fitted_fs_bank_roundtrip.py:250: 
_ _ _ _ _ _ _ _ _ _ _ _ _ _ _ _ _ _ _ _ _ _ _ _ _ _ _ _ _ _ _ _ _ _ _ _ _ _ _ _ 
/usr/local/lib/python3.10/dist-packages/_pytest/tmpdir.py:131: in mktemp
    basename = self._ensure_relative_to_basetemp(basename)
/usr/local/lib/python3.10/dist-packages/_pytest/tmpdir.py:112: in _ensure_relative_to_basetemp
    if (self.getbasetemp() / basename).resolve().parent != self.getbasetemp():
/usr/local/lib/python3.10/dist-packages/_pytest/tmpdir.py:153: in getbasetemp
    basetemp.mkdir(mode=0o700)
_ _ _ _ _ _ _ _ _ _ _ _ _ _ _ _ _ _ _ _ _ _ _ _ _ _ _ _ _ _ _ _ _ _ _ _ _ _ _ _ 

self = PosixPath('/mnt/afs/260010168/EarthDelta/runs/online/v92_execution_20260930T071601Z/code/t1/runs/online/t1_reserved/tmp/existing_cpu')
mode = 448, parents = False, exist_ok = False

    def mkdir(self, mode=0o777, parents=False, exist_ok=False):
        """
        Create a new directory at this given path.
        """
        try:
>           self._accessor.mkdir(self, mode)
E           FileNotFoundError: [Errno 2] No such file or directory: '/mnt/afs/260010168/EarthDelta/runs/online/v92_execution_20260930T071601Z/code/t1/runs/online/t1_reserved/tmp/existing_cpu'

/usr/lib/python3.10/pathlib.py:1175: FileNotFoundError
_______ ERROR at setup of test_only_three_experts_are_refused_everywhere _______

tmp_path_factory = TempPathFactory(_given_basetemp=PosixPath('/mnt/afs/260010168/EarthDelta/runs/online/v92_execution_20260930T071601Z/co...e=<pluggy._tracing.TagTracerSub object at 0x7f4a4542e770>, _basetemp=None, _retention_count=3, _retention_policy='all')

    @pytest.fixture(scope="module")
    def chain(tmp_path_factory):
>       root = tmp_path_factory.mktemp("fp04_chain")

tests/test_fitted_fs_bank_roundtrip.py:250: 
_ _ _ _ _ _ _ _ _ _ _ _ _ _ _ _ _ _ _ _ _ _ _ _ _ _ _ _ _ _ _ _ _ _ _ _ _ _ _ _ 
/usr/local/lib/python3.10/dist-packages/_pytest/tmpdir.py:131: in mktemp
    basename = self._ensure_relative_to_basetemp(basename)
/usr/local/lib/python3.10/dist-packages/_pytest/tmpdir.py:112: in _ensure_relative_to_basetemp
    if (self.getbasetemp() / basename).resolve().parent != self.getbasetemp():
/usr/local/lib/python3.10/dist-packages/_pytest/tmpdir.py:153: in getbasetemp
    basetemp.mkdir(mode=0o700)
_ _ _ _ _ _ _ _ _ _ _ _ _ _ _ _ _ _ _ _ _ _ _ _ _ _ _ _ _ _ _ _ _ _ _ _ _ _ _ _ 

self = PosixPath('/mnt/afs/260010168/EarthDelta/runs/online/v92_execution_20260930T071601Z/code/t1/runs/online/t1_reserved/tmp/existing_cpu')
mode = 448, parents = False, exist_ok = False

    def mkdir(self, mode=0o777, parents=False, exist_ok=False):
        """
        Create a new directory at this given path.
        """
        try:
>           self._accessor.mkdir(self, mode)
E           FileNotFoundError: [Errno 2] No such file or directory: '/mnt/afs/260010168/EarthDelta/runs/online/v92_execution_20260930T071601Z/code/t1/runs/online/t1_reserved/tmp/existing_cpu'

/usr/lib/python3.10/pathlib.py:1175: FileNotFoundError
_________ ERROR at setup of test_a_cpu_gpu_device_mismatch_is_refused __________

tmp_path_factory = TempPathFactory(_given_basetemp=PosixPath('/mnt/afs/260010168/EarthDelta/runs/online/v92_execution_20260930T071601Z/co...e=<pluggy._tracing.TagTracerSub object at 0x7f4a4542e770>, _basetemp=None, _retention_count=3, _retention_policy='all')

    @pytest.fixture(scope="module")
    def chain(tmp_path_factory):
>       root = tmp_path_factory.mktemp("fp04_chain")

tests/test_fitted_fs_bank_roundtrip.py:250: 
_ _ _ _ _ _ _ _ _ _ _ _ _ _ _ _ _ _ _ _ _ _ _ _ _ _ _ _ _ _ _ _ _ _ _ _ _ _ _ _ 
/usr/local/lib/python3.10/dist-packages/_pytest/tmpdir.py:131: in mktemp
    basename = self._ensure_relative_to_basetemp(basename)
/usr/local/lib/python3.10/dist-packages/_pytest/tmpdir.py:112: in _ensure_relative_to_basetemp
    if (self.getbasetemp() / basename).resolve().parent != self.getbasetemp():
/usr/local/lib/python3.10/dist-packages/_pytest/tmpdir.py:153: in getbasetemp
    basetemp.mkdir(mode=0o700)
_ _ _ _ _ _ _ _ _ _ _ _ _ _ _ _ _ _ _ _ _ _ _ _ _ _ _ _ _ _ _ _ _ _ _ _ _ _ _ _ 

self = PosixPath('/mnt/afs/260010168/EarthDelta/runs/online/v92_execution_20260930T071601Z/code/t1/runs/online/t1_reserved/tmp/existing_cpu')
mode = 448, parents = False, exist_ok = False

    def mkdir(self, mode=0o777, parents=False, exist_ok=False):
        """
        Create a new directory at this given path.
        """
        try:
>           self._accessor.mkdir(self, mode)
E           FileNotFoundError: [Errno 2] No such file or directory: '/mnt/afs/260010168/EarthDelta/runs/online/v92_execution_20260930T071601Z/code/t1/runs/online/t1_reserved/tmp/existing_cpu'

/usr/lib/python3.10/pathlib.py:1175: FileNotFoundError
______ ERROR at setup of test_continuing_from_f0_instead_of_fs_is_refused ______

tmp_path_factory = TempPathFactory(_given_basetemp=PosixPath('/mnt/afs/260010168/EarthDelta/runs/online/v92_execution_20260930T071601Z/co...e=<pluggy._tracing.TagTracerSub object at 0x7f4a4542e770>, _basetemp=None, _retention_count=3, _retention_policy='all')

    @pytest.fixture(scope="module")
    def chain(tmp_path_factory):
>       root = tmp_path_factory.mktemp("fp04_chain")

tests/test_fitted_fs_bank_roundtrip.py:250: 
_ _ _ _ _ _ _ _ _ _ _ _ _ _ _ _ _ _ _ _ _ _ _ _ _ _ _ _ _ _ _ _ _ _ _ _ _ _ _ _ 
/usr/local/lib/python3.10/dist-packages/_pytest/tmpdir.py:131: in mktemp
    basename = self._ensure_relative_to_basetemp(basename)
/usr/local/lib/python3.10/dist-packages/_pytest/tmpdir.py:112: in _ensure_relative_to_basetemp
    if (self.getbasetemp() / basename).resolve().parent != self.getbasetemp():
/usr/local/lib/python3.10/dist-packages/_pytest/tmpdir.py:153: in getbasetemp
    basetemp.mkdir(mode=0o700)
_ _ _ _ _ _ _ _ _ _ _ _ _ _ _ _ _ _ _ _ _ _ _ _ _ _ _ _ _ _ _ _ _ _ _ _ _ _ _ _ 

self = PosixPath('/mnt/afs/260010168/EarthDelta/runs/online/v92_execution_20260930T071601Z/code/t1/runs/online/t1_reserved/tmp/existing_cpu')
mode = 448, parents = False, exist_ok = False

    def mkdir(self, mode=0o777, parents=False, exist_ok=False):
        """
        Create a new directory at this given path.
        """
        try:
>           self._accessor.mkdir(self, mode)
E           FileNotFoundError: [Errno 2] No such file or directory: '/mnt/afs/260010168/EarthDelta/runs/online/v92_execution_20260930T071601Z/code/t1/runs/online/t1_reserved/tmp/existing_cpu'

/usr/lib/python3.10/pathlib.py:1175: FileNotFoundError
_______ ERROR at setup of test_the_assembly_equivalence_has_no_tolerance _______

tmp_path_factory = TempPathFactory(_given_basetemp=PosixPath('/mnt/afs/260010168/EarthDelta/runs/online/v92_execution_20260930T071601Z/co...e=<pluggy._tracing.TagTracerSub object at 0x7f4a4542e770>, _basetemp=None, _retention_count=3, _retention_policy='all')

    @pytest.fixture(scope="module")
    def chain(tmp_path_factory):
>       root = tmp_path_factory.mktemp("fp04_chain")

tests/test_fitted_fs_bank_roundtrip.py:250: 
_ _ _ _ _ _ _ _ _ _ _ _ _ _ _ _ _ _ _ _ _ _ _ _ _ _ _ _ _ _ _ _ _ _ _ _ _ _ _ _ 
/usr/local/lib/python3.10/dist-packages/_pytest/tmpdir.py:131: in mktemp
    basename = self._ensure_relative_to_basetemp(basename)
/usr/local/lib/python3.10/dist-packages/_pytest/tmpdir.py:112: in _ensure_relative_to_basetemp
    if (self.getbasetemp() / basename).resolve().parent != self.getbasetemp():
/usr/local/lib/python3.10/dist-packages/_pytest/tmpdir.py:153: in getbasetemp
    basetemp.mkdir(mode=0o700)
_ _ _ _ _ _ _ _ _ _ _ _ _ _ _ _ _ _ _ _ _ _ _ _ _ _ _ _ _ _ _ _ _ _ _ _ _ _ _ _ 

self = PosixPath('/mnt/afs/260010168/EarthDelta/runs/online/v92_execution_20260930T071601Z/code/t1/runs/online/t1_reserved/tmp/existing_cpu')
mode = 448, parents = False, exist_ok = False

    def mkdir(self, mode=0o777, parents=False, exist_ok=False):
        """
        Create a new directory at this given path.
        """
        try:
>           self._accessor.mkdir(self, mode)
E           FileNotFoundError: [Errno 2] No such file or directory: '/mnt/afs/260010168/EarthDelta/runs/online/v92_execution_20260930T071601Z/code/t1/runs/online/t1_reserved/tmp/existing_cpu'

/usr/lib/python3.10/pathlib.py:1175: FileNotFoundError
_____ ERROR at setup of test_decisions_are_written_once_and_protocol_bound _____

tmp_path_factory = TempPathFactory(_given_basetemp=PosixPath('/mnt/afs/260010168/EarthDelta/runs/online/v92_execution_20260930T071601Z/co...e=<pluggy._tracing.TagTracerSub object at 0x7f4a4542e770>, _basetemp=None, _retention_count=3, _retention_policy='all')

    @pytest.fixture(scope="module")
    def chain(tmp_path_factory):
>       root = tmp_path_factory.mktemp("fp04_chain")

tests/test_fitted_fs_bank_roundtrip.py:250: 
_ _ _ _ _ _ _ _ _ _ _ _ _ _ _ _ _ _ _ _ _ _ _ _ _ _ _ _ _ _ _ _ _ _ _ _ _ _ _ _ 
/usr/local/lib/python3.10/dist-packages/_pytest/tmpdir.py:131: in mktemp
    basename = self._ensure_relative_to_basetemp(basename)
/usr/local/lib/python3.10/dist-packages/_pytest/tmpdir.py:112: in _ensure_relative_to_basetemp
    if (self.getbasetemp() / basename).resolve().parent != self.getbasetemp():
/usr/local/lib/python3.10/dist-packages/_pytest/tmpdir.py:153: in getbasetemp
    basetemp.mkdir(mode=0o700)
_ _ _ _ _ _ _ _ _ _ _ _ _ _ _ _ _ _ _ _ _ _ _ _ _ _ _ _ _ _ _ _ _ _ _ _ _ _ _ _ 

self = PosixPath('/mnt/afs/260010168/EarthDelta/runs/online/v92_execution_20260930T071601Z/code/t1/runs/online/t1_reserved/tmp/existing_cpu')
mode = 448, parents = False, exist_ok = False

    def mkdir(self, mode=0o777, parents=False, exist_ok=False):
        """
        Create a new directory at this given path.
        """
        try:
>           self._accessor.mkdir(self, mode)
E           FileNotFoundError: [Errno 2] No such file or directory: '/mnt/afs/260010168/EarthDelta/runs/online/v92_execution_20260930T071601Z/code/t1/runs/online/t1_reserved/tmp/existing_cpu'

/usr/lib/python3.10/pathlib.py:1175: FileNotFoundError
___________ ERROR at setup of test_protocol_is_consistent_without_io ___________

self = PosixPath('/mnt/afs/260010168/EarthDelta/runs/online/v92_execution_20260930T071601Z/code/t1/runs/online/t1_reserved/tmp/existing_cpu')
mode = 448, parents = False, exist_ok = False

    def mkdir(self, mode=0o777, parents=False, exist_ok=False):
        """
        Create a new directory at this given path.
        """
        try:
>           self._accessor.mkdir(self, mode)
E           FileNotFoundError: [Errno 2] No such file or directory: '/mnt/afs/260010168/EarthDelta/runs/online/v92_execution_20260930T071601Z/code/t1/runs/online/t1_reserved/tmp/existing_cpu'

/usr/lib/python3.10/pathlib.py:1175: FileNotFoundError
___________ ERROR at setup of test_cache_refuses_wrong_protocol_sha ____________

self = PosixPath('/mnt/afs/260010168/EarthDelta/runs/online/v92_execution_20260930T071601Z/code/t1/runs/online/t1_reserved/tmp/existing_cpu')
mode = 448, parents = False, exist_ok = False

    def mkdir(self, mode=0o777, parents=False, exist_ok=False):
        """
        Create a new directory at this given path.
        """
        try:
>           self._accessor.mkdir(self, mode)
E           FileNotFoundError: [Errno 2] No such file or directory: '/mnt/afs/260010168/EarthDelta/runs/online/v92_execution_20260930T071601Z/code/t1/runs/online/t1_reserved/tmp/existing_cpu'

/usr/lib/python3.10/pathlib.py:1175: FileNotFoundError
____________ ERROR at setup of test_cache_refuses_wrong_freeze_sha _____________

self = PosixPath('/mnt/afs/260010168/EarthDelta/runs/online/v92_execution_20260930T071601Z/code/t1/runs/online/t1_reserved/tmp/existing_cpu')
mode = 448, parents = False, exist_ok = False

    def mkdir(self, mode=0o777, parents=False, exist_ok=False):
        """
        Create a new directory at this given path.
        """
        try:
>           self._accessor.mkdir(self, mode)
E           FileNotFoundError: [Errno 2] No such file or directory: '/mnt/afs/260010168/EarthDelta/runs/online/v92_execution_20260930T071601Z/code/t1/runs/online/t1_reserved/tmp/existing_cpu'

/usr/lib/python3.10/pathlib.py:1175: FileNotFoundError
______________ ERROR at setup of test_cache_refuses_non_clear_row ______________

self = PosixPath('/mnt/afs/260010168/EarthDelta/runs/online/v92_execution_20260930T071601Z/code/t1/runs/online/t1_reserved/tmp/existing_cpu')
mode = 448, parents = False, exist_ok = False

    def mkdir(self, mode=0o777, parents=False, exist_ok=False):
        """
        Create a new directory at this given path.
        """
        try:
>           self._accessor.mkdir(self, mode)
E           FileNotFoundError: [Errno 2] No such file or directory: '/mnt/afs/260010168/EarthDelta/runs/online/v92_execution_20260930T071601Z/code/t1/runs/online/t1_reserved/tmp/existing_cpu'

/usr/lib/python3.10/pathlib.py:1175: FileNotFoundError
______ ERROR at setup of test_cache_refuses_policy_dev_row_off_allow_list ______

self = PosixPath('/mnt/afs/260010168/EarthDelta/runs/online/v92_execution_20260930T071601Z/code/t1/runs/online/t1_reserved/tmp/existing_cpu')
mode = 448, parents = False, exist_ok = False

    def mkdir(self, mode=0o777, parents=False, exist_ok=False):
        """
        Create a new directory at this given path.
        """
        try:
>           self._accessor.mkdir(self, mode)
E           FileNotFoundError: [Errno 2] No such file or directory: '/mnt/afs/260010168/EarthDelta/runs/online/v92_execution_20260930T071601Z/code/t1/runs/online/t1_reserved/tmp/existing_cpu'

/usr/lib/python3.10/pathlib.py:1175: FileNotFoundError
_____ ERROR at setup of test_dev_cache_refuses_without_pass_debug_decision _____

self = PosixPath('/mnt/afs/260010168/EarthDelta/runs/online/v92_execution_20260930T071601Z/code/t1/runs/online/t1_reserved/tmp/existing_cpu')
mode = 448, parents = False, exist_ok = False

    def mkdir(self, mode=0o777, parents=False, exist_ok=False):
        """
        Create a new directory at this given path.
        """
        try:
>           self._accessor.mkdir(self, mode)
E           FileNotFoundError: [Errno 2] No such file or directory: '/mnt/afs/260010168/EarthDelta/runs/online/v92_execution_20260930T071601Z/code/t1/runs/online/t1_reserved/tmp/existing_cpu'

/usr/lib/python3.10/pathlib.py:1175: FileNotFoundError
____ ERROR at setup of test_cache_refuses_source_drift_and_device_mismatch _____

self = PosixPath('/mnt/afs/260010168/EarthDelta/runs/online/v92_execution_20260930T071601Z/code/t1/runs/online/t1_reserved/tmp/existing_cpu')
mode = 448, parents = False, exist_ok = False

    def mkdir(self, mode=0o777, parents=False, exist_ok=False):
        """
        Create a new directory at this given path.
        """
        try:
>           self._accessor.mkdir(self, mode)
E           FileNotFoundError: [Errno 2] No such file or directory: '/mnt/afs/260010168/EarthDelta/runs/online/v92_execution_20260930T071601Z/code/t1/runs/online/t1_reserved/tmp/existing_cpu'

/usr/lib/python3.10/pathlib.py:1175: FileNotFoundError
__ ERROR at setup of test_cache_refuses_s0_certificate_mismatch_before_model ___

self = PosixPath('/mnt/afs/260010168/EarthDelta/runs/online/v92_execution_20260930T071601Z/code/t1/runs/online/t1_reserved/tmp/existing_cpu')
mode = 448, parents = False, exist_ok = False

    def mkdir(self, mode=0o777, parents=False, exist_ok=False):
        """
        Create a new directory at this given path.
        """
        try:
>           self._accessor.mkdir(self, mode)
E           FileNotFoundError: [Errno 2] No such file or directory: '/mnt/afs/260010168/EarthDelta/runs/online/v92_execution_20260930T071601Z/code/t1/runs/online/t1_reserved/tmp/existing_cpu'

/usr/lib/python3.10/pathlib.py:1175: FileNotFoundError
_ ERROR at setup of test_cache_refuses_wrong_fs_manifest_and_bank_before_model _

self = PosixPath('/mnt/afs/260010168/EarthDelta/runs/online/v92_execution_20260930T071601Z/code/t1/runs/online/t1_reserved/tmp/existing_cpu')
mode = 448, parents = False, exist_ok = False

    def mkdir(self, mode=0o777, parents=False, exist_ok=False):
        """
        Create a new directory at this given path.
        """
        try:
>           self._accessor.mkdir(self, mode)
E           FileNotFoundError: [Errno 2] No such file or directory: '/mnt/afs/260010168/EarthDelta/runs/online/v92_execution_20260930T071601Z/code/t1/runs/online/t1_reserved/tmp/existing_cpu'

/usr/lib/python3.10/pathlib.py:1175: FileNotFoundError
___________ ERROR at setup of test_merge_and_decide_refuse_before_io ___________

self = PosixPath('/mnt/afs/260010168/EarthDelta/runs/online/v92_execution_20260930T071601Z/code/t1/runs/online/t1_reserved/tmp/existing_cpu')
mode = 448, parents = False, exist_ok = False

    def mkdir(self, mode=0o777, parents=False, exist_ok=False):
        """
        Create a new directory at this given path.
        """
        try:
>           self._accessor.mkdir(self, mode)
E           FileNotFoundError: [Errno 2] No such file or directory: '/mnt/afs/260010168/EarthDelta/runs/online/v92_execution_20260930T071601Z/code/t1/runs/online/t1_reserved/tmp/existing_cpu'

/usr/lib/python3.10/pathlib.py:1175: FileNotFoundError
_________________ ERROR at setup of test_policy_stages_refuse __________________

self = PosixPath('/mnt/afs/260010168/EarthDelta/runs/online/v92_execution_20260930T071601Z/code/t1/runs/online/t1_reserved/tmp/existing_cpu')
mode = 448, parents = False, exist_ok = False

    def mkdir(self, mode=0o777, parents=False, exist_ok=False):
        """
        Create a new directory at this given path.
        """
        try:
>           self._accessor.mkdir(self, mode)
E           FileNotFoundError: [Errno 2] No such file or directory: '/mnt/afs/260010168/EarthDelta/runs/online/v92_execution_20260930T071601Z/code/t1/runs/online/t1_reserved/tmp/existing_cpu'

/usr/lib/python3.10/pathlib.py:1175: FileNotFoundError
_______ ERROR at setup of test_certify_admission_refuses_before_reading ________

self = PosixPath('/mnt/afs/260010168/EarthDelta/runs/online/v92_execution_20260930T071601Z/code/t1/runs/online/t1_reserved/tmp/existing_cpu')
mode = 448, parents = False, exist_ok = False

    def mkdir(self, mode=0o777, parents=False, exist_ok=False):
        """
        Create a new directory at this given path.
        """
        try:
>           self._accessor.mkdir(self, mode)
E           FileNotFoundError: [Errno 2] No such file or directory: '/mnt/afs/260010168/EarthDelta/runs/online/v92_execution_20260930T071601Z/code/t1/runs/online/t1_reserved/tmp/existing_cpu'

/usr/lib/python3.10/pathlib.py:1175: FileNotFoundError
_________ ERROR at setup of test_fp06_receipt_flattens_machine_verdict _________

self = PosixPath('/mnt/afs/260010168/EarthDelta/runs/online/v92_execution_20260930T071601Z/code/t1/runs/online/t1_reserved/tmp/existing_cpu')
mode = 448, parents = False, exist_ok = False

    def mkdir(self, mode=0o777, parents=False, exist_ok=False):
        """
        Create a new directory at this given path.
        """
        try:
>           self._accessor.mkdir(self, mode)
E           FileNotFoundError: [Errno 2] No such file or directory: '/mnt/afs/260010168/EarthDelta/runs/online/v92_execution_20260930T071601Z/code/t1/runs/online/t1_reserved/tmp/existing_cpu'

/usr/lib/python3.10/pathlib.py:1175: FileNotFoundError
_ ERROR at setup of test_runner_fail_closed_for_missing_and_non_boolean_evidence _

self = PosixPath('/mnt/afs/260010168/EarthDelta/runs/online/v92_execution_20260930T071601Z/code/t1/runs/online/t1_reserved/tmp/existing_cpu')
mode = 448, parents = False, exist_ok = False

    def mkdir(self, mode=0o777, parents=False, exist_ok=False):
        """
        Create a new directory at this given path.
        """
        try:
>           self._accessor.mkdir(self, mode)
E           FileNotFoundError: [Errno 2] No such file or directory: '/mnt/afs/260010168/EarthDelta/runs/online/v92_execution_20260930T071601Z/code/t1/runs/online/t1_reserved/tmp/existing_cpu'

/usr/lib/python3.10/pathlib.py:1175: FileNotFoundError
_______ ERROR at setup of test_runner_keeps_normal_negative_verdict_zero _______

self = PosixPath('/mnt/afs/260010168/EarthDelta/runs/online/v92_execution_20260930T071601Z/code/t1/runs/online/t1_reserved/tmp/existing_cpu')
mode = 448, parents = False, exist_ok = False

    def mkdir(self, mode=0o777, parents=False, exist_ok=False):
        """
        Create a new directory at this given path.
        """
        try:
>           self._accessor.mkdir(self, mode)
E           FileNotFoundError: [Errno 2] No such file or directory: '/mnt/afs/260010168/EarthDelta/runs/online/v92_execution_20260930T071601Z/code/t1/runs/online/t1_reserved/tmp/existing_cpu'

/usr/lib/python3.10/pathlib.py:1175: FileNotFoundError
_________ ERROR at setup of test_decider_diag_screen_formal_end_to_end _________

self = PosixPath('/mnt/afs/260010168/EarthDelta/runs/online/v92_execution_20260930T071601Z/code/t1/runs/online/t1_reserved/tmp/existing_cpu')
mode = 448, parents = False, exist_ok = False

    def mkdir(self, mode=0o777, parents=False, exist_ok=False):
        """
        Create a new directory at this given path.
        """
        try:
>           self._accessor.mkdir(self, mode)
E           FileNotFoundError: [Errno 2] No such file or directory: '/mnt/afs/260010168/EarthDelta/runs/online/v92_execution_20260930T071601Z/code/t1/runs/online/t1_reserved/tmp/existing_cpu'

/usr/lib/python3.10/pathlib.py:1175: FileNotFoundError
_______ ERROR at setup of test_decider_diag_stops_when_a_q0_fact_breaks ________

self = PosixPath('/mnt/afs/260010168/EarthDelta/runs/online/v92_execution_20260930T071601Z/code/t1/runs/online/t1_reserved/tmp/existing_cpu')
mode = 448, parents = False, exist_ok = False

    def mkdir(self, mode=0o777, parents=False, exist_ok=False):
        """
        Create a new directory at this given path.
        """
        try:
>           self._accessor.mkdir(self, mode)
E           FileNotFoundError: [Errno 2] No such file or directory: '/mnt/afs/260010168/EarthDelta/runs/online/v92_execution_20260930T071601Z/code/t1/runs/online/t1_reserved/tmp/existing_cpu'

/usr/lib/python3.10/pathlib.py:1175: FileNotFoundError
_______ ERROR at setup of test_decider_refuses_a_protocol_hash_mismatch ________

self = PosixPath('/mnt/afs/260010168/EarthDelta/runs/online/v92_execution_20260930T071601Z/code/t1/runs/online/t1_reserved/tmp/existing_cpu')
mode = 448, parents = False, exist_ok = False

    def mkdir(self, mode=0o777, parents=False, exist_ok=False):
        """
        Create a new directory at this given path.
        """
        try:
>           self._accessor.mkdir(self, mode)
E           FileNotFoundError: [Errno 2] No such file or directory: '/mnt/afs/260010168/EarthDelta/runs/online/v92_execution_20260930T071601Z/code/t1/runs/online/t1_reserved/tmp/existing_cpu'

/usr/lib/python3.10/pathlib.py:1175: FileNotFoundError
_______ ERROR at setup of test_fs_freeze_refuses_and_never_merges[case0] _______

self = PosixPath('/mnt/afs/260010168/EarthDelta/runs/online/v92_execution_20260930T071601Z/code/t1/runs/online/t1_reserved/tmp/existing_cpu')
mode = 448, parents = False, exist_ok = False

    def mkdir(self, mode=0o777, parents=False, exist_ok=False):
        """
        Create a new directory at this given path.
        """
        try:
>           self._accessor.mkdir(self, mode)
E           FileNotFoundError: [Errno 2] No such file or directory: '/mnt/afs/260010168/EarthDelta/runs/online/v92_execution_20260930T071601Z/code/t1/runs/online/t1_reserved/tmp/existing_cpu'

/usr/lib/python3.10/pathlib.py:1175: FileNotFoundError
_______ ERROR at setup of test_fs_freeze_refuses_and_never_merges[case1] _______

self = PosixPath('/mnt/afs/260010168/EarthDelta/runs/online/v92_execution_20260930T071601Z/code/t1/runs/online/t1_reserved/tmp/existing_cpu')
mode = 448, parents = False, exist_ok = False

    def mkdir(self, mode=0o777, parents=False, exist_ok=False):
        """
        Create a new directory at this given path.
        """
        try:
>           self._accessor.mkdir(self, mode)
E           FileNotFoundError: [Errno 2] No such file or directory: '/mnt/afs/260010168/EarthDelta/runs/online/v92_execution_20260930T071601Z/code/t1/runs/online/t1_reserved/tmp/existing_cpu'

/usr/lib/python3.10/pathlib.py:1175: FileNotFoundError
_______ ERROR at setup of test_fs_freeze_refuses_and_never_merges[case2] _______

self = PosixPath('/mnt/afs/260010168/EarthDelta/runs/online/v92_execution_20260930T071601Z/code/t1/runs/online/t1_reserved/tmp/existing_cpu')
mode = 448, parents = False, exist_ok = False

    def mkdir(self, mode=0o777, parents=False, exist_ok=False):
        """
        Create a new directory at this given path.
        """
        try:
>           self._accessor.mkdir(self, mode)
E           FileNotFoundError: [Errno 2] No such file or directory: '/mnt/afs/260010168/EarthDelta/runs/online/v92_execution_20260930T071601Z/code/t1/runs/online/t1_reserved/tmp/existing_cpu'

/usr/lib/python3.10/pathlib.py:1175: FileNotFoundError
_______ ERROR at setup of test_fs_freeze_refuses_and_never_merges[case3] _______

self = PosixPath('/mnt/afs/260010168/EarthDelta/runs/online/v92_execution_20260930T071601Z/code/t1/runs/online/t1_reserved/tmp/existing_cpu')
mode = 448, parents = False, exist_ok = False

    def mkdir(self, mode=0o777, parents=False, exist_ok=False):
        """
        Create a new directory at this given path.
        """
        try:
>           self._accessor.mkdir(self, mode)
E           FileNotFoundError: [Errno 2] No such file or directory: '/mnt/afs/260010168/EarthDelta/runs/online/v92_execution_20260930T071601Z/code/t1/runs/online/t1_reserved/tmp/existing_cpu'

/usr/lib/python3.10/pathlib.py:1175: FileNotFoundError
_______ ERROR at setup of test_fs_freeze_refuses_and_never_merges[case4] _______

self = PosixPath('/mnt/afs/260010168/EarthDelta/runs/online/v92_execution_20260930T071601Z/code/t1/runs/online/t1_reserved/tmp/existing_cpu')
mode = 448, parents = False, exist_ok = False

    def mkdir(self, mode=0o777, parents=False, exist_ok=False):
        """
        Create a new directory at this given path.
        """
        try:
>           self._accessor.mkdir(self, mode)
E           FileNotFoundError: [Errno 2] No such file or directory: '/mnt/afs/260010168/EarthDelta/runs/online/v92_execution_20260930T071601Z/code/t1/runs/online/t1_reserved/tmp/existing_cpu'

/usr/lib/python3.10/pathlib.py:1175: FileNotFoundError
_______ ERROR at setup of test_fs_freeze_refuses_and_never_merges[case5] _______

self = PosixPath('/mnt/afs/260010168/EarthDelta/runs/online/v92_execution_20260930T071601Z/code/t1/runs/online/t1_reserved/tmp/existing_cpu')
mode = 448, parents = False, exist_ok = False

    def mkdir(self, mode=0o777, parents=False, exist_ok=False):
        """
        Create a new directory at this given path.
        """
        try:
>           self._accessor.mkdir(self, mode)
E           FileNotFoundError: [Errno 2] No such file or directory: '/mnt/afs/260010168/EarthDelta/runs/online/v92_execution_20260930T071601Z/code/t1/runs/online/t1_reserved/tmp/existing_cpu'

/usr/lib/python3.10/pathlib.py:1175: FileNotFoundError
_ ERROR at setup of test_fs_freeze_refuses_when_the_adapter_bytes_are_not_the_decided_ones _

self = PosixPath('/mnt/afs/260010168/EarthDelta/runs/online/v92_execution_20260930T071601Z/code/t1/runs/online/t1_reserved/tmp/existing_cpu')
mode = 448, parents = False, exist_ok = False

    def mkdir(self, mode=0o777, parents=False, exist_ok=False):
        """
        Create a new directory at this given path.
        """
        try:
>           self._accessor.mkdir(self, mode)
E           FileNotFoundError: [Errno 2] No such file or directory: '/mnt/afs/260010168/EarthDelta/runs/online/v92_execution_20260930T071601Z/code/t1/runs/online/t1_reserved/tmp/existing_cpu'

/usr/lib/python3.10/pathlib.py:1175: FileNotFoundError
_______ ERROR at setup of test_fs_freeze_with_a_pass_decision_does_merge _______

self = PosixPath('/mnt/afs/260010168/EarthDelta/runs/online/v92_execution_20260930T071601Z/code/t1/runs/online/t1_reserved/tmp/existing_cpu')
mode = 448, parents = False, exist_ok = False

    def mkdir(self, mode=0o777, parents=False, exist_ok=False):
        """
        Create a new directory at this given path.
        """
        try:
>           self._accessor.mkdir(self, mode)
E           FileNotFoundError: [Errno 2] No such file or directory: '/mnt/afs/260010168/EarthDelta/runs/online/v92_execution_20260930T071601Z/code/t1/runs/online/t1_reserved/tmp/existing_cpu'

/usr/lib/python3.10/pathlib.py:1175: FileNotFoundError
_______ ERROR at setup of test_protocol_sha_mismatch_exits_2_before_fit ________

self = PosixPath('/mnt/afs/260010168/EarthDelta/runs/online/v92_execution_20260930T071601Z/code/t1/runs/online/t1_reserved/tmp/existing_cpu')
mode = 448, parents = False, exist_ok = False

    def mkdir(self, mode=0o777, parents=False, exist_ok=False):
        """
        Create a new directory at this given path.
        """
        try:
>           self._accessor.mkdir(self, mode)
E           FileNotFoundError: [Errno 2] No such file or directory: '/mnt/afs/260010168/EarthDelta/runs/online/v92_execution_20260930T071601Z/code/t1/runs/online/t1_reserved/tmp/existing_cpu'

/usr/lib/python3.10/pathlib.py:1175: FileNotFoundError
__________ ERROR at setup of test_config_mismatch_exits_2_before_fit ___________

self = PosixPath('/mnt/afs/260010168/EarthDelta/runs/online/v92_execution_20260930T071601Z/code/t1/runs/online/t1_reserved/tmp/existing_cpu')
mode = 448, parents = False, exist_ok = False

    def mkdir(self, mode=0o777, parents=False, exist_ok=False):
        """
        Create a new directory at this given path.
        """
        try:
>           self._accessor.mkdir(self, mode)
E           FileNotFoundError: [Errno 2] No such file or directory: '/mnt/afs/260010168/EarthDelta/runs/online/v92_execution_20260930T071601Z/code/t1/runs/online/t1_reserved/tmp/existing_cpu'

/usr/lib/python3.10/pathlib.py:1175: FileNotFoundError
_____________ ERROR at setup of test_underdeclared_config_exits_2 ______________

self = PosixPath('/mnt/afs/260010168/EarthDelta/runs/online/v92_execution_20260930T071601Z/code/t1/runs/online/t1_reserved/tmp/existing_cpu')
mode = 448, parents = False, exist_ok = False

    def mkdir(self, mode=0o777, parents=False, exist_ok=False):
        """
        Create a new directory at this given path.
        """
        try:
>           self._accessor.mkdir(self, mode)
E           FileNotFoundError: [Errno 2] No such file or directory: '/mnt/afs/260010168/EarthDelta/runs/online/v92_execution_20260930T071601Z/code/t1/runs/online/t1_reserved/tmp/existing_cpu'

/usr/lib/python3.10/pathlib.py:1175: FileNotFoundError
_________ ERROR at setup of test_real_run_without_protocol_is_refused __________

self = PosixPath('/mnt/afs/260010168/EarthDelta/runs/online/v92_execution_20260930T071601Z/code/t1/runs/online/t1_reserved/tmp/existing_cpu')
mode = 448, parents = False, exist_ok = False

    def mkdir(self, mode=0o777, parents=False, exist_ok=False):
        """
        Create a new directory at this given path.
        """
        try:
>           self._accessor.mkdir(self, mode)
E           FileNotFoundError: [Errno 2] No such file or directory: '/mnt/afs/260010168/EarthDelta/runs/online/v92_execution_20260930T071601Z/code/t1/runs/online/t1_reserved/tmp/existing_cpu'

/usr/lib/python3.10/pathlib.py:1175: FileNotFoundError
_ ERROR at setup of test_backend_precondition_failure_exits_2_after_s0_before_bridge _

self = PosixPath('/mnt/afs/260010168/EarthDelta/runs/online/v92_execution_20260930T071601Z/code/t1/runs/online/t1_reserved/tmp/existing_cpu')
mode = 448, parents = False, exist_ok = False

    def mkdir(self, mode=0o777, parents=False, exist_ok=False):
        """
        Create a new directory at this given path.
        """
        try:
>           self._accessor.mkdir(self, mode)
E           FileNotFoundError: [Errno 2] No such file or directory: '/mnt/afs/260010168/EarthDelta/runs/online/v92_execution_20260930T071601Z/code/t1/runs/online/t1_reserved/tmp/existing_cpu'

/usr/lib/python3.10/pathlib.py:1175: FileNotFoundError
______ ERROR at setup of test_s0_certificate_must_bind_the_loaded_modules ______

self = PosixPath('/mnt/afs/260010168/EarthDelta/runs/online/v92_execution_20260930T071601Z/code/t1/runs/online/t1_reserved/tmp/existing_cpu')
mode = 448, parents = False, exist_ok = False

    def mkdir(self, mode=0o777, parents=False, exist_ok=False):
        """
        Create a new directory at this given path.
        """
        try:
>           self._accessor.mkdir(self, mode)
E           FileNotFoundError: [Errno 2] No such file or directory: '/mnt/afs/260010168/EarthDelta/runs/online/v92_execution_20260930T071601Z/code/t1/runs/online/t1_reserved/tmp/existing_cpu'

/usr/lib/python3.10/pathlib.py:1175: FileNotFoundError
________ ERROR at setup of test_load_fs_adapter_checks_bytes_and_blocks ________

self = PosixPath('/mnt/afs/260010168/EarthDelta/runs/online/v92_execution_20260930T071601Z/code/t1/runs/online/t1_reserved/tmp/existing_cpu')
mode = 448, parents = False, exist_ok = False

    def mkdir(self, mode=0o777, parents=False, exist_ok=False):
        """
        Create a new directory at this given path.
        """
        try:
>           self._accessor.mkdir(self, mode)
E           FileNotFoundError: [Errno 2] No such file or directory: '/mnt/afs/260010168/EarthDelta/runs/online/v92_execution_20260930T071601Z/code/t1/runs/online/t1_reserved/tmp/existing_cpu'

/usr/lib/python3.10/pathlib.py:1175: FileNotFoundError
__ ERROR at setup of test_cli_formal_mode_below_the_cap_runs_the_formal_gate ___

self = PosixPath('/mnt/afs/260010168/EarthDelta/runs/online/v92_execution_20260930T071601Z/code/t1/runs/online/t1_reserved/tmp/existing_cpu')
mode = 448, parents = False, exist_ok = False

    def mkdir(self, mode=0o777, parents=False, exist_ok=False):
        """
        Create a new directory at this given path.
        """
        try:
>           self._accessor.mkdir(self, mode)
E           FileNotFoundError: [Errno 2] No such file or directory: '/mnt/afs/260010168/EarthDelta/runs/online/v92_execution_20260930T071601Z/code/t1/runs/online/t1_reserved/tmp/existing_cpu'

/usr/lib/python3.10/pathlib.py:1175: FileNotFoundError
_ ERROR at setup of test_v2_formal_decision_uses_pinned_reference_and_cross_replica_holdout _

self = PosixPath('/mnt/afs/260010168/EarthDelta/runs/online/v92_execution_20260930T071601Z/code/t1/runs/online/t1_reserved/tmp/existing_cpu')
mode = 448, parents = False, exist_ok = False

    def mkdir(self, mode=0o777, parents=False, exist_ok=False):
        """
        Create a new directory at this given path.
        """
        try:
>           self._accessor.mkdir(self, mode)
E           FileNotFoundError: [Errno 2] No such file or directory: '/mnt/afs/260010168/EarthDelta/runs/online/v92_execution_20260930T071601Z/code/t1/runs/online/t1_reserved/tmp/existing_cpu'

/usr/lib/python3.10/pathlib.py:1175: FileNotFoundError
_ ERROR at setup of test_v2_refuses_a_reference_decision_other_than_the_pinned_bytes _

self = PosixPath('/mnt/afs/260010168/EarthDelta/runs/online/v92_execution_20260930T071601Z/code/t1/runs/online/t1_reserved/tmp/existing_cpu')
mode = 448, parents = False, exist_ok = False

    def mkdir(self, mode=0o777, parents=False, exist_ok=False):
        """
        Create a new directory at this given path.
        """
        try:
>           self._accessor.mkdir(self, mode)
E           FileNotFoundError: [Errno 2] No such file or directory: '/mnt/afs/260010168/EarthDelta/runs/online/v92_execution_20260930T071601Z/code/t1/runs/online/t1_reserved/tmp/existing_cpu'

/usr/lib/python3.10/pathlib.py:1175: FileNotFoundError
________ ERROR at setup of test_freeze_verify_certify_chain_end_to_end _________

self = PosixPath('/mnt/afs/260010168/EarthDelta/runs/online/v92_execution_20260930T071601Z/code/t1/runs/online/t1_reserved/tmp/existing_cpu')
mode = 448, parents = False, exist_ok = False

    def mkdir(self, mode=0o777, parents=False, exist_ok=False):
        """
        Create a new directory at this given path.
        """
        try:
>           self._accessor.mkdir(self, mode)
E           FileNotFoundError: [Errno 2] No such file or directory: '/mnt/afs/260010168/EarthDelta/runs/online/v92_execution_20260930T071601Z/code/t1/runs/online/t1_reserved/tmp/existing_cpu'

/usr/lib/python3.10/pathlib.py:1175: FileNotFoundError
____ ERROR at setup of test_from_npz_preserves_private_input_inverse_source ____

self = PosixPath('/mnt/afs/260010168/EarthDelta/runs/online/v92_execution_20260930T071601Z/code/t1/runs/online/t1_reserved/tmp/existing_cpu')
mode = 448, parents = False, exist_ok = False

    def mkdir(self, mode=0o777, parents=False, exist_ok=False):
        """
        Create a new directory at this given path.
        """
        try:
>           self._accessor.mkdir(self, mode)
E           FileNotFoundError: [Errno 2] No such file or directory: '/mnt/afs/260010168/EarthDelta/runs/online/v92_execution_20260930T071601Z/code/t1/runs/online/t1_reserved/tmp/existing_cpu'

/usr/lib/python3.10/pathlib.py:1175: FileNotFoundError
___________ ERROR at setup of test_valid_record_certifies_and_loads ____________

self = PosixPath('/mnt/afs/260010168/EarthDelta/runs/online/v92_execution_20260930T071601Z/code/t1/runs/online/t1_reserved/tmp/existing_cpu')
mode = 448, parents = False, exist_ok = False

    def mkdir(self, mode=0o777, parents=False, exist_ok=False):
        """
        Create a new directory at this given path.
        """
        try:
>           self._accessor.mkdir(self, mode)
E           FileNotFoundError: [Errno 2] No such file or directory: '/mnt/afs/260010168/EarthDelta/runs/online/v92_execution_20260930T071601Z/code/t1/runs/online/t1_reserved/tmp/existing_cpu'

/usr/lib/python3.10/pathlib.py:1175: FileNotFoundError
__ ERROR at setup of test_each_single_defect_is_refused[<lambda>-NOT_PASSED0] __

self = PosixPath('/mnt/afs/260010168/EarthDelta/runs/online/v92_execution_20260930T071601Z/code/t1/runs/online/t1_reserved/tmp/existing_cpu')
mode = 448, parents = False, exist_ok = False

    def mkdir(self, mode=0o777, parents=False, exist_ok=False):
        """
        Create a new directory at this given path.
        """
        try:
>           self._accessor.mkdir(self, mode)
E           FileNotFoundError: [Errno 2] No such file or directory: '/mnt/afs/260010168/EarthDelta/runs/online/v92_execution_20260930T071601Z/code/t1/runs/online/t1_reserved/tmp/existing_cpu'

/usr/lib/python3.10/pathlib.py:1175: FileNotFoundError
__ ERROR at setup of test_each_single_defect_is_refused[<lambda>-NOT_PASSED1] __

self = PosixPath('/mnt/afs/260010168/EarthDelta/runs/online/v92_execution_20260930T071601Z/code/t1/runs/online/t1_reserved/tmp/existing_cpu')
mode = 448, parents = False, exist_ok = False

    def mkdir(self, mode=0o777, parents=False, exist_ok=False):
        """
        Create a new directory at this given path.
        """
        try:
>           self._accessor.mkdir(self, mode)
E           FileNotFoundError: [Errno 2] No such file or directory: '/mnt/afs/260010168/EarthDelta/runs/online/v92_execution_20260930T071601Z/code/t1/runs/online/t1_reserved/tmp/existing_cpu'

/usr/lib/python3.10/pathlib.py:1175: FileNotFoundError
_ ERROR at setup of test_each_single_defect_is_refused[<lambda>-GATE_RESULT_NOT_TRUE] _

self = PosixPath('/mnt/afs/260010168/EarthDelta/runs/online/v92_execution_20260930T071601Z/code/t1/runs/online/t1_reserved/tmp/existing_cpu')
mode = 448, parents = False, exist_ok = False

    def mkdir(self, mode=0o777, parents=False, exist_ok=False):
        """
        Create a new directory at this given path.
        """
        try:
>           self._accessor.mkdir(self, mode)
E           FileNotFoundError: [Errno 2] No such file or directory: '/mnt/afs/260010168/EarthDelta/runs/online/v92_execution_20260930T071601Z/code/t1/runs/online/t1_reserved/tmp/existing_cpu'

/usr/lib/python3.10/pathlib.py:1175: FileNotFoundError
__ ERROR at setup of test_each_single_defect_is_refused[<lambda>-NOT_FORMAL] ___

self = PosixPath('/mnt/afs/260010168/EarthDelta/runs/online/v92_execution_20260930T071601Z/code/t1/runs/online/t1_reserved/tmp/existing_cpu')
mode = 448, parents = False, exist_ok = False

    def mkdir(self, mode=0o777, parents=False, exist_ok=False):
        """
        Create a new directory at this given path.
        """
        try:
>           self._accessor.mkdir(self, mode)
E           FileNotFoundError: [Errno 2] No such file or directory: '/mnt/afs/260010168/EarthDelta/runs/online/v92_execution_20260930T071601Z/code/t1/runs/online/t1_reserved/tmp/existing_cpu'

/usr/lib/python3.10/pathlib.py:1175: FileNotFoundError
_ ERROR at setup of test_each_single_defect_is_refused[<lambda>-ROW_CERTIFICATE_COUNT0] _

self = PosixPath('/mnt/afs/260010168/EarthDelta/runs/online/v92_execution_20260930T071601Z/code/t1/runs/online/t1_reserved/tmp/existing_cpu')
mode = 448, parents = False, exist_ok = False

    def mkdir(self, mode=0o777, parents=False, exist_ok=False):
        """
        Create a new directory at this given path.
        """
        try:
>           self._accessor.mkdir(self, mode)
E           FileNotFoundError: [Errno 2] No such file or directory: '/mnt/afs/260010168/EarthDelta/runs/online/v92_execution_20260930T071601Z/code/t1/runs/online/t1_reserved/tmp/existing_cpu'

/usr/lib/python3.10/pathlib.py:1175: FileNotFoundError
_ ERROR at setup of test_each_single_defect_is_refused[<lambda>-CONTENT_SHA256_MISMATCH] _

self = PosixPath('/mnt/afs/260010168/EarthDelta/runs/online/v92_execution_20260930T071601Z/code/t1/runs/online/t1_reserved/tmp/existing_cpu')
mode = 448, parents = False, exist_ok = False

    def mkdir(self, mode=0o777, parents=False, exist_ok=False):
        """
        Create a new directory at this given path.
        """
        try:
>           self._accessor.mkdir(self, mode)
E           FileNotFoundError: [Errno 2] No such file or directory: '/mnt/afs/260010168/EarthDelta/runs/online/v92_execution_20260930T071601Z/code/t1/runs/online/t1_reserved/tmp/existing_cpu'

/usr/lib/python3.10/pathlib.py:1175: FileNotFoundError
_ ERROR at setup of test_each_single_defect_is_refused[<lambda>-CERT_UTC_MISMATCH] _

self = PosixPath('/mnt/afs/260010168/EarthDelta/runs/online/v92_execution_20260930T071601Z/code/t1/runs/online/t1_reserved/tmp/existing_cpu')
mode = 448, parents = False, exist_ok = False

    def mkdir(self, mode=0o777, parents=False, exist_ok=False):
        """
        Create a new directory at this given path.
        """
        try:
>           self._accessor.mkdir(self, mode)
E           FileNotFoundError: [Errno 2] No such file or directory: '/mnt/afs/260010168/EarthDelta/runs/online/v92_execution_20260930T071601Z/code/t1/runs/online/t1_reserved/tmp/existing_cpu'

/usr/lib/python3.10/pathlib.py:1175: FileNotFoundError
_ ERROR at setup of test_each_single_defect_is_refused[<lambda>-ROW_ISSUE_TIME_MISMATCH] _

self = PosixPath('/mnt/afs/260010168/EarthDelta/runs/online/v92_execution_20260930T071601Z/code/t1/runs/online/t1_reserved/tmp/existing_cpu')
mode = 448, parents = False, exist_ok = False

    def mkdir(self, mode=0o777, parents=False, exist_ok=False):
        """
        Create a new directory at this given path.
        """
        try:
>           self._accessor.mkdir(self, mode)
E           FileNotFoundError: [Errno 2] No such file or directory: '/mnt/afs/260010168/EarthDelta/runs/online/v92_execution_20260930T071601Z/code/t1/runs/online/t1_reserved/tmp/existing_cpu'

/usr/lib/python3.10/pathlib.py:1175: FileNotFoundError
_ ERROR at setup of test_each_single_defect_is_refused[<lambda>-ROW_NORMALIZATION_MISMATCH] _

self = PosixPath('/mnt/afs/260010168/EarthDelta/runs/online/v92_execution_20260930T071601Z/code/t1/runs/online/t1_reserved/tmp/existing_cpu')
mode = 448, parents = False, exist_ok = False

    def mkdir(self, mode=0o777, parents=False, exist_ok=False):
        """
        Create a new directory at this given path.
        """
        try:
>           self._accessor.mkdir(self, mode)
E           FileNotFoundError: [Errno 2] No such file or directory: '/mnt/afs/260010168/EarthDelta/runs/online/v92_execution_20260930T071601Z/code/t1/runs/online/t1_reserved/tmp/existing_cpu'

/usr/lib/python3.10/pathlib.py:1175: FileNotFoundError
_ ERROR at setup of test_each_single_defect_is_refused[<lambda>-ROW_GRID_MISMATCH] _

self = PosixPath('/mnt/afs/260010168/EarthDelta/runs/online/v92_execution_20260930T071601Z/code/t1/runs/online/t1_reserved/tmp/existing_cpu')
mode = 448, parents = False, exist_ok = False

    def mkdir(self, mode=0o777, parents=False, exist_ok=False):
        """
        Create a new directory at this given path.
        """
        try:
>           self._accessor.mkdir(self, mode)
E           FileNotFoundError: [Errno 2] No such file or directory: '/mnt/afs/260010168/EarthDelta/runs/online/v92_execution_20260930T071601Z/code/t1/runs/online/t1_reserved/tmp/existing_cpu'

/usr/lib/python3.10/pathlib.py:1175: FileNotFoundError
_ ERROR at setup of test_each_single_defect_is_refused[<lambda>-CERT_NOT_BANK_FIT] _

self = PosixPath('/mnt/afs/260010168/EarthDelta/runs/online/v92_execution_20260930T071601Z/code/t1/runs/online/t1_reserved/tmp/existing_cpu')
mode = 448, parents = False, exist_ok = False

    def mkdir(self, mode=0o777, parents=False, exist_ok=False):
        """
        Create a new directory at this given path.
        """
        try:
>           self._accessor.mkdir(self, mode)
E           FileNotFoundError: [Errno 2] No such file or directory: '/mnt/afs/260010168/EarthDelta/runs/online/v92_execution_20260930T071601Z/code/t1/runs/online/t1_reserved/tmp/existing_cpu'

/usr/lib/python3.10/pathlib.py:1175: FileNotFoundError
_ ERROR at setup of test_each_single_defect_is_refused[<lambda>-ROW_CERTIFICATE_COUNT1] _

self = PosixPath('/mnt/afs/260010168/EarthDelta/runs/online/v92_execution_20260930T071601Z/code/t1/runs/online/t1_reserved/tmp/existing_cpu')
mode = 448, parents = False, exist_ok = False

    def mkdir(self, mode=0o777, parents=False, exist_ok=False):
        """
        Create a new directory at this given path.
        """
        try:
>           self._accessor.mkdir(self, mode)
E           FileNotFoundError: [Errno 2] No such file or directory: '/mnt/afs/260010168/EarthDelta/runs/online/v92_execution_20260930T071601Z/code/t1/runs/online/t1_reserved/tmp/existing_cpu'

/usr/lib/python3.10/pathlib.py:1175: FileNotFoundError
____ ERROR at setup of test_a_6h_certificate_cannot_feed_24h_or_72h_targets ____

self = PosixPath('/mnt/afs/260010168/EarthDelta/runs/online/v92_execution_20260930T071601Z/code/t1/runs/online/t1_reserved/tmp/existing_cpu')
mode = 448, parents = False, exist_ok = False

    def mkdir(self, mode=0o777, parents=False, exist_ok=False):
        """
        Create a new directory at this given path.
        """
        try:
>           self._accessor.mkdir(self, mode)
E           FileNotFoundError: [Errno 2] No such file or directory: '/mnt/afs/260010168/EarthDelta/runs/online/v92_execution_20260930T071601Z/code/t1/runs/online/t1_reserved/tmp/existing_cpu'

/usr/lib/python3.10/pathlib.py:1175: FileNotFoundError
_ ERROR at setup of test_real_cli_entry_refuses_a_tampered_admission_before_training _

self = PosixPath('/mnt/afs/260010168/EarthDelta/runs/online/v92_execution_20260930T071601Z/code/t1/runs/online/t1_reserved/tmp/existing_cpu')
mode = 448, parents = False, exist_ok = False

    def mkdir(self, mode=0o777, parents=False, exist_ok=False):
        """
        Create a new directory at this given path.
        """
        try:
>           self._accessor.mkdir(self, mode)
E           FileNotFoundError: [Errno 2] No such file or directory: '/mnt/afs/260010168/EarthDelta/runs/online/v92_execution_20260930T071601Z/code/t1/runs/online/t1_reserved/tmp/existing_cpu'

/usr/lib/python3.10/pathlib.py:1175: FileNotFoundError
_________ ERROR at setup of test_official_policy_forces_zero_diff_mean _________

self = PosixPath('/mnt/afs/260010168/EarthDelta/runs/online/v92_execution_20260930T071601Z/code/t1/runs/online/t1_reserved/tmp/existing_cpu')
mode = 448, parents = False, exist_ok = False

    def mkdir(self, mode=0o777, parents=False, exist_ok=False):
        """
        Create a new directory at this given path.
        """
        try:
>           self._accessor.mkdir(self, mode)
E           FileNotFoundError: [Errno 2] No such file or directory: '/mnt/afs/260010168/EarthDelta/runs/online/v92_execution_20260930T071601Z/code/t1/runs/online/t1_reserved/tmp/existing_cpu'

/usr/lib/python3.10/pathlib.py:1175: FileNotFoundError
_______ ERROR at setup of test_legacy_policy_preserves_nonzero_diff_mean _______

self = PosixPath('/mnt/afs/260010168/EarthDelta/runs/online/v92_execution_20260930T071601Z/code/t1/runs/online/t1_reserved/tmp/existing_cpu')
mode = 448, parents = False, exist_ok = False

    def mkdir(self, mode=0o777, parents=False, exist_ok=False):
        """
        Create a new directory at this given path.
        """
        try:
>           self._accessor.mkdir(self, mode)
E           FileNotFoundError: [Errno 2] No such file or directory: '/mnt/afs/260010168/EarthDelta/runs/online/v92_execution_20260930T071601Z/code/t1/runs/online/t1_reserved/tmp/existing_cpu'

/usr/lib/python3.10/pathlib.py:1175: FileNotFoundError
_ ERROR at setup of test_official_policy_ignores_nonzero_diff_mean_in_denormalize _

self = PosixPath('/mnt/afs/260010168/EarthDelta/runs/online/v92_execution_20260930T071601Z/code/t1/runs/online/t1_reserved/tmp/existing_cpu')
mode = 448, parents = False, exist_ok = False

    def mkdir(self, mode=0o777, parents=False, exist_ok=False):
        """
        Create a new directory at this given path.
        """
        try:
>           self._accessor.mkdir(self, mode)
E           FileNotFoundError: [Errno 2] No such file or directory: '/mnt/afs/260010168/EarthDelta/runs/online/v92_execution_20260930T071601Z/code/t1/runs/online/t1_reserved/tmp/existing_cpu'

/usr/lib/python3.10/pathlib.py:1175: FileNotFoundError
___________ ERROR at setup of test_legacy_denormalize_diff_unchanged ___________

self = PosixPath('/mnt/afs/260010168/EarthDelta/runs/online/v92_execution_20260930T071601Z/code/t1/runs/online/t1_reserved/tmp/existing_cpu')
mode = 448, parents = False, exist_ok = False

    def mkdir(self, mode=0o777, parents=False, exist_ok=False):
        """
        Create a new directory at this given path.
        """
        try:
>           self._accessor.mkdir(self, mode)
E           FileNotFoundError: [Errno 2] No such file or directory: '/mnt/afs/260010168/EarthDelta/runs/online/v92_execution_20260930T071601Z/code/t1/runs/online/t1_reserved/tmp/existing_cpu'

/usr/lib/python3.10/pathlib.py:1175: FileNotFoundError
_________________ ERROR at setup of test_policy_changes_digest _________________

self = PosixPath('/mnt/afs/260010168/EarthDelta/runs/online/v92_execution_20260930T071601Z/code/t1/runs/online/t1_reserved/tmp/existing_cpu')
mode = 448, parents = False, exist_ok = False

    def mkdir(self, mode=0o777, parents=False, exist_ok=False):
        """
        Create a new directory at this given path.
        """
        try:
>           self._accessor.mkdir(self, mode)
E           FileNotFoundError: [Errno 2] No such file or directory: '/mnt/afs/260010168/EarthDelta/runs/online/v92_execution_20260930T071601Z/code/t1/runs/online/t1_reserved/tmp/existing_cpu'

/usr/lib/python3.10/pathlib.py:1175: FileNotFoundError
_____ ERROR at setup of test_gate_rejects_mislabelled_normalization_policy _____

self = PosixPath('/mnt/afs/260010168/EarthDelta/runs/online/v92_execution_20260930T071601Z/code/t1/runs/online/t1_reserved/tmp/existing_cpu')
mode = 448, parents = False, exist_ok = False

    def mkdir(self, mode=0o777, parents=False, exist_ok=False):
        """
        Create a new directory at this given path.
        """
        try:
>           self._accessor.mkdir(self, mode)
E           FileNotFoundError: [Errno 2] No such file or directory: '/mnt/afs/260010168/EarthDelta/runs/online/v92_execution_20260930T071601Z/code/t1/runs/online/t1_reserved/tmp/existing_cpu'

/usr/lib/python3.10/pathlib.py:1175: FileNotFoundError
____________ ERROR at setup of test_policy_in_digest_deterministic _____________

self = PosixPath('/mnt/afs/260010168/EarthDelta/runs/online/v92_execution_20260930T071601Z/code/t1/runs/online/t1_reserved/tmp/existing_cpu')
mode = 448, parents = False, exist_ok = False

    def mkdir(self, mode=0o777, parents=False, exist_ok=False):
        """
        Create a new directory at this given path.
        """
        try:
>           self._accessor.mkdir(self, mode)
E           FileNotFoundError: [Errno 2] No such file or directory: '/mnt/afs/260010168/EarthDelta/runs/online/v92_execution_20260930T071601Z/code/t1/runs/online/t1_reserved/tmp/existing_cpu'

/usr/lib/python3.10/pathlib.py:1175: FileNotFoundError
_______________ ERROR at setup of test_default_policy_is_legacy ________________

self = PosixPath('/mnt/afs/260010168/EarthDelta/runs/online/v92_execution_20260930T071601Z/code/t1/runs/online/t1_reserved/tmp/existing_cpu')
mode = 448, parents = False, exist_ok = False

    def mkdir(self, mode=0o777, parents=False, exist_ok=False):
        """
        Create a new directory at this given path.
        """
        try:
>           self._accessor.mkdir(self, mode)
E           FileNotFoundError: [Errno 2] No such file or directory: '/mnt/afs/260010168/EarthDelta/runs/online/v92_execution_20260930T071601Z/code/t1/runs/online/t1_reserved/tmp/existing_cpu'

/usr/lib/python3.10/pathlib.py:1175: FileNotFoundError
________________ ERROR at setup of test_invalid_policy_rejected ________________

self = PosixPath('/mnt/afs/260010168/EarthDelta/runs/online/v92_execution_20260930T071601Z/code/t1/runs/online/t1_reserved/tmp/existing_cpu')
mode = 448, parents = False, exist_ok = False

    def mkdir(self, mode=0o777, parents=False, exist_ok=False):
        """
        Create a new directory at this given path.
        """
        try:
>           self._accessor.mkdir(self, mode)
E           FileNotFoundError: [Errno 2] No such file or directory: '/mnt/afs/260010168/EarthDelta/runs/online/v92_execution_20260930T071601Z/code/t1/runs/online/t1_reserved/tmp/existing_cpu'

/usr/lib/python3.10/pathlib.py:1175: FileNotFoundError
__________ ERROR at setup of test_rollout_behavior_differs_by_policy ___________

self = PosixPath('/mnt/afs/260010168/EarthDelta/runs/online/v92_execution_20260930T071601Z/code/t1/runs/online/t1_reserved/tmp/existing_cpu')
mode = 448, parents = False, exist_ok = False

    def mkdir(self, mode=0o777, parents=False, exist_ok=False):
        """
        Create a new directory at this given path.
        """
        try:
>           self._accessor.mkdir(self, mode)
E           FileNotFoundError: [Errno 2] No such file or directory: '/mnt/afs/260010168/EarthDelta/runs/online/v92_execution_20260930T071601Z/code/t1/runs/online/t1_reserved/tmp/existing_cpu'

/usr/lib/python3.10/pathlib.py:1175: FileNotFoundError
__ ERROR at setup of test_positive_row_is_admitted_with_resolved_real_indices __

self = PosixPath('/mnt/afs/260010168/EarthDelta/runs/online/v92_execution_20260930T071601Z/code/t1/runs/online/t1_reserved/tmp/existing_cpu')
mode = 448, parents = False, exist_ok = False

    def mkdir(self, mode=0o777, parents=False, exist_ok=False):
        """
        Create a new directory at this given path.
        """
        try:
>           self._accessor.mkdir(self, mode)
E           FileNotFoundError: [Errno 2] No such file or directory: '/mnt/afs/260010168/EarthDelta/runs/online/v92_execution_20260930T071601Z/code/t1/runs/online/t1_reserved/tmp/existing_cpu'

/usr/lib/python3.10/pathlib.py:1175: FileNotFoundError
_ ERROR at setup of test_admission_stamps_issue_id_and_independent_process_group_id _

self = PosixPath('/mnt/afs/260010168/EarthDelta/runs/online/v92_execution_20260930T071601Z/code/t1/runs/online/t1_reserved/tmp/existing_cpu')
mode = 448, parents = False, exist_ok = False

    def mkdir(self, mode=0o777, parents=False, exist_ok=False):
        """
        Create a new directory at this given path.
        """
        try:
>           self._accessor.mkdir(self, mode)
E           FileNotFoundError: [Errno 2] No such file or directory: '/mnt/afs/260010168/EarthDelta/runs/online/v92_execution_20260930T071601Z/code/t1/runs/online/t1_reserved/tmp/existing_cpu'

/usr/lib/python3.10/pathlib.py:1175: FileNotFoundError
___________ ERROR at setup of test_negative_missing_target_endpoint ____________

self = PosixPath('/mnt/afs/260010168/EarthDelta/runs/online/v92_execution_20260930T071601Z/code/t1/runs/online/t1_reserved/tmp/existing_cpu')
mode = 448, parents = False, exist_ok = False

    def mkdir(self, mode=0o777, parents=False, exist_ok=False):
        """
        Create a new directory at this given path.
        """
        try:
>           self._accessor.mkdir(self, mode)
E           FileNotFoundError: [Errno 2] No such file or directory: '/mnt/afs/260010168/EarthDelta/runs/online/v92_execution_20260930T071601Z/code/t1/runs/online/t1_reserved/tmp/existing_cpu'

/usr/lib/python3.10/pathlib.py:1175: FileNotFoundError
___________ ERROR at setup of test_negative_missing_history_endpoint ___________

self = PosixPath('/mnt/afs/260010168/EarthDelta/runs/online/v92_execution_20260930T071601Z/code/t1/runs/online/t1_reserved/tmp/existing_cpu')
mode = 448, parents = False, exist_ok = False

    def mkdir(self, mode=0o777, parents=False, exist_ok=False):
        """
        Create a new directory at this given path.
        """
        try:
>           self._accessor.mkdir(self, mode)
E           FileNotFoundError: [Errno 2] No such file or directory: '/mnt/afs/260010168/EarthDelta/runs/online/v92_execution_20260930T071601Z/code/t1/runs/online/t1_reserved/tmp/existing_cpu'

/usr/lib/python3.10/pathlib.py:1175: FileNotFoundError
_ ERROR at setup of test_negative_history_endpoint_falls_into_an_unpulled_previous_year _

self = PosixPath('/mnt/afs/260010168/EarthDelta/runs/online/v92_execution_20260930T071601Z/code/t1/runs/online/t1_reserved/tmp/existing_cpu')
mode = 448, parents = False, exist_ok = False

    def mkdir(self, mode=0o777, parents=False, exist_ok=False):
        """
        Create a new directory at this given path.
        """
        try:
>           self._accessor.mkdir(self, mode)
E           FileNotFoundError: [Errno 2] No such file or directory: '/mnt/afs/260010168/EarthDelta/runs/online/v92_execution_20260930T071601Z/code/t1/runs/online/t1_reserved/tmp/existing_cpu'

/usr/lib/python3.10/pathlib.py:1175: FileNotFoundError
___________ ERROR at setup of test_negative_missing_current_endpoint ___________

self = PosixPath('/mnt/afs/260010168/EarthDelta/runs/online/v92_execution_20260930T071601Z/code/t1/runs/online/t1_reserved/tmp/existing_cpu')
mode = 448, parents = False, exist_ok = False

    def mkdir(self, mode=0o777, parents=False, exist_ok=False):
        """
        Create a new directory at this given path.
        """
        try:
>           self._accessor.mkdir(self, mode)
E           FileNotFoundError: [Errno 2] No such file or directory: '/mnt/afs/260010168/EarthDelta/runs/online/v92_execution_20260930T071601Z/code/t1/runs/online/t1_reserved/tmp/existing_cpu'

/usr/lib/python3.10/pathlib.py:1175: FileNotFoundError
_________ ERROR at setup of test_negative_interior_gap_breaks_the_span _________

self = PosixPath('/mnt/afs/260010168/EarthDelta/runs/online/v92_execution_20260930T071601Z/code/t1/runs/online/t1_reserved/tmp/existing_cpu')
mode = 448, parents = False, exist_ok = False

    def mkdir(self, mode=0o777, parents=False, exist_ok=False):
        """
        Create a new directory at this given path.
        """
        try:
>           self._accessor.mkdir(self, mode)
E           FileNotFoundError: [Errno 2] No such file or directory: '/mnt/afs/260010168/EarthDelta/runs/online/v92_execution_20260930T071601Z/code/t1/runs/online/t1_reserved/tmp/existing_cpu'

/usr/lib/python3.10/pathlib.py:1175: FileNotFoundError
____________ ERROR at setup of test_negative_store_missing_entirely ____________

self = PosixPath('/mnt/afs/260010168/EarthDelta/runs/online/v92_execution_20260930T071601Z/code/t1/runs/online/t1_reserved/tmp/existing_cpu')
mode = 448, parents = False, exist_ok = False

    def mkdir(self, mode=0o777, parents=False, exist_ok=False):
        """
        Create a new directory at this given path.
        """
        try:
>           self._accessor.mkdir(self, mode)
E           FileNotFoundError: [Errno 2] No such file or directory: '/mnt/afs/260010168/EarthDelta/runs/online/v92_execution_20260930T071601Z/code/t1/runs/online/t1_reserved/tmp/existing_cpu'

/usr/lib/python3.10/pathlib.py:1175: FileNotFoundError
___________ ERROR at setup of test_negative_store_present_but_empty ____________

self = PosixPath('/mnt/afs/260010168/EarthDelta/runs/online/v92_execution_20260930T071601Z/code/t1/runs/online/t1_reserved/tmp/existing_cpu')
mode = 448, parents = False, exist_ok = False

    def mkdir(self, mode=0o777, parents=False, exist_ok=False):
        """
        Create a new directory at this given path.
        """
        try:
>           self._accessor.mkdir(self, mode)
E           FileNotFoundError: [Errno 2] No such file or directory: '/mnt/afs/260010168/EarthDelta/runs/online/v92_execution_20260930T071601Z/code/t1/runs/online/t1_reserved/tmp/existing_cpu'

/usr/lib/python3.10/pathlib.py:1175: FileNotFoundError
__ ERROR at setup of test_negative_cross_year_target_lands_in_a_missing_store __

self = PosixPath('/mnt/afs/260010168/EarthDelta/runs/online/v92_execution_20260930T071601Z/code/t1/runs/online/t1_reserved/tmp/existing_cpu')
mode = 448, parents = False, exist_ok = False

    def mkdir(self, mode=0o777, parents=False, exist_ok=False):
        """
        Create a new directory at this given path.
        """
        try:
>           self._accessor.mkdir(self, mode)
E           FileNotFoundError: [Errno 2] No such file or directory: '/mnt/afs/260010168/EarthDelta/runs/online/v92_execution_20260930T071601Z/code/t1/runs/online/t1_reserved/tmp/existing_cpu'

/usr/lib/python3.10/pathlib.py:1175: FileNotFoundError
_ ERROR at setup of test_cross_year_target_is_resolved_in_the_next_years_store _

self = PosixPath('/mnt/afs/260010168/EarthDelta/runs/online/v92_execution_20260930T071601Z/code/t1/runs/online/t1_reserved/tmp/existing_cpu')
mode = 448, parents = False, exist_ok = False

    def mkdir(self, mode=0o777, parents=False, exist_ok=False):
        """
        Create a new directory at this given path.
        """
        try:
>           self._accessor.mkdir(self, mode)
E           FileNotFoundError: [Errno 2] No such file or directory: '/mnt/afs/260010168/EarthDelta/runs/online/v92_execution_20260930T071601Z/code/t1/runs/online/t1_reserved/tmp/existing_cpu'

/usr/lib/python3.10/pathlib.py:1175: FileNotFoundError
_ ERROR at setup of test_negative_formal_mode_rejects_placeholder_normalization_hash _

self = PosixPath('/mnt/afs/260010168/EarthDelta/runs/online/v92_execution_20260930T071601Z/code/t1/runs/online/t1_reserved/tmp/existing_cpu')
mode = 448, parents = False, exist_ok = False

    def mkdir(self, mode=0o777, parents=False, exist_ok=False):
        """
        Create a new directory at this given path.
        """
        try:
>           self._accessor.mkdir(self, mode)
E           FileNotFoundError: [Errno 2] No such file or directory: '/mnt/afs/260010168/EarthDelta/runs/online/v92_execution_20260930T071601Z/code/t1/runs/online/t1_reserved/tmp/existing_cpu'

/usr/lib/python3.10/pathlib.py:1175: FileNotFoundError
____ ERROR at setup of test_non_formal_mode_still_admits_a_placeholder_hash ____

self = PosixPath('/mnt/afs/260010168/EarthDelta/runs/online/v92_execution_20260930T071601Z/code/t1/runs/online/t1_reserved/tmp/existing_cpu')
mode = 448, parents = False, exist_ok = False

    def mkdir(self, mode=0o777, parents=False, exist_ok=False):
        """
        Create a new directory at this given path.
        """
        try:
>           self._accessor.mkdir(self, mode)
E           FileNotFoundError: [Errno 2] No such file or directory: '/mnt/afs/260010168/EarthDelta/runs/online/v92_execution_20260930T071601Z/code/t1/runs/online/t1_reserved/tmp/existing_cpu'

/usr/lib/python3.10/pathlib.py:1175: FileNotFoundError
__ ERROR at setup of test_negative_formal_mode_requires_a_declared_data_role ___

self = PosixPath('/mnt/afs/260010168/EarthDelta/runs/online/v92_execution_20260930T071601Z/code/t1/runs/online/t1_reserved/tmp/existing_cpu')
mode = 448, parents = False, exist_ok = False

    def mkdir(self, mode=0o777, parents=False, exist_ok=False):
        """
        Create a new directory at this given path.
        """
        try:
>           self._accessor.mkdir(self, mode)
E           FileNotFoundError: [Errno 2] No such file or directory: '/mnt/afs/260010168/EarthDelta/runs/online/v92_execution_20260930T071601Z/code/t1/runs/online/t1_reserved/tmp/existing_cpu'

/usr/lib/python3.10/pathlib.py:1175: FileNotFoundError
_________ ERROR at setup of test_negative_unknown_data_role_is_refused _________

self = PosixPath('/mnt/afs/260010168/EarthDelta/runs/online/v92_execution_20260930T071601Z/code/t1/runs/online/t1_reserved/tmp/existing_cpu')
mode = 448, parents = False, exist_ok = False

    def mkdir(self, mode=0o777, parents=False, exist_ok=False):
        """
        Create a new directory at this given path.
        """
        try:
>           self._accessor.mkdir(self, mode)
E           FileNotFoundError: [Errno 2] No such file or directory: '/mnt/afs/260010168/EarthDelta/runs/online/v92_execution_20260930T071601Z/code/t1/runs/online/t1_reserved/tmp/existing_cpu'

/usr/lib/python3.10/pathlib.py:1175: FileNotFoundError
_ ERROR at setup of test_each_frozen_data_role_is_carried_onto_the_result[bank_fit] _

self = PosixPath('/mnt/afs/260010168/EarthDelta/runs/online/v92_execution_20260930T071601Z/code/t1/runs/online/t1_reserved/tmp/existing_cpu')
mode = 448, parents = False, exist_ok = False

    def mkdir(self, mode=0o777, parents=False, exist_ok=False):
        """
        Create a new directory at this given path.
        """
        try:
>           self._accessor.mkdir(self, mode)
E           FileNotFoundError: [Errno 2] No such file or directory: '/mnt/afs/260010168/EarthDelta/runs/online/v92_execution_20260930T071601Z/code/t1/runs/online/t1_reserved/tmp/existing_cpu'

/usr/lib/python3.10/pathlib.py:1175: FileNotFoundError
_ ERROR at setup of test_each_frozen_data_role_is_carried_onto_the_result[policy_dev] _

self = PosixPath('/mnt/afs/260010168/EarthDelta/runs/online/v92_execution_20260930T071601Z/code/t1/runs/online/t1_reserved/tmp/existing_cpu')
mode = 448, parents = False, exist_ok = False

    def mkdir(self, mode=0o777, parents=False, exist_ok=False):
        """
        Create a new directory at this given path.
        """
        try:
>           self._accessor.mkdir(self, mode)
E           FileNotFoundError: [Errno 2] No such file or directory: '/mnt/afs/260010168/EarthDelta/runs/online/v92_execution_20260930T071601Z/code/t1/runs/online/t1_reserved/tmp/existing_cpu'

/usr/lib/python3.10/pathlib.py:1175: FileNotFoundError
_ ERROR at setup of test_each_frozen_data_role_is_carried_onto_the_result[confirm] _

self = PosixPath('/mnt/afs/260010168/EarthDelta/runs/online/v92_execution_20260930T071601Z/code/t1/runs/online/t1_reserved/tmp/existing_cpu')
mode = 448, parents = False, exist_ok = False

    def mkdir(self, mode=0o777, parents=False, exist_ok=False):
        """
        Create a new directory at this given path.
        """
        try:
>           self._accessor.mkdir(self, mode)
E           FileNotFoundError: [Errno 2] No such file or directory: '/mnt/afs/260010168/EarthDelta/runs/online/v92_execution_20260930T071601Z/code/t1/runs/online/t1_reserved/tmp/existing_cpu'

/usr/lib/python3.10/pathlib.py:1175: FileNotFoundError
___ ERROR at setup of test_negative_grid_hash_mismatch_between_row_and_store ___

self = PosixPath('/mnt/afs/260010168/EarthDelta/runs/online/v92_execution_20260930T071601Z/code/t1/runs/online/t1_reserved/tmp/existing_cpu')
mode = 448, parents = False, exist_ok = False

    def mkdir(self, mode=0o777, parents=False, exist_ok=False):
        """
        Create a new directory at this given path.
        """
        try:
>           self._accessor.mkdir(self, mode)
E           FileNotFoundError: [Errno 2] No such file or directory: '/mnt/afs/260010168/EarthDelta/runs/online/v92_execution_20260930T071601Z/code/t1/runs/online/t1_reserved/tmp/existing_cpu'

/usr/lib/python3.10/pathlib.py:1175: FileNotFoundError
____________ ERROR at setup of test_negative_channel_count_mismatch ____________

self = PosixPath('/mnt/afs/260010168/EarthDelta/runs/online/v92_execution_20260930T071601Z/code/t1/runs/online/t1_reserved/tmp/existing_cpu')
mode = 448, parents = False, exist_ok = False

    def mkdir(self, mode=0o777, parents=False, exist_ok=False):
        """
        Create a new directory at this given path.
        """
        try:
>           self._accessor.mkdir(self, mode)
E           FileNotFoundError: [Errno 2] No such file or directory: '/mnt/afs/260010168/EarthDelta/runs/online/v92_execution_20260930T071601Z/code/t1/runs/online/t1_reserved/tmp/existing_cpu'

/usr/lib/python3.10/pathlib.py:1175: FileNotFoundError
______ ERROR at setup of test_negative_row_that_fails_its_own_validation _______

self = PosixPath('/mnt/afs/260010168/EarthDelta/runs/online/v92_execution_20260930T071601Z/code/t1/runs/online/t1_reserved/tmp/existing_cpu')
mode = 448, parents = False, exist_ok = False

    def mkdir(self, mode=0o777, parents=False, exist_ok=False):
        """
        Create a new directory at this given path.
        """
        try:
>           self._accessor.mkdir(self, mode)
E           FileNotFoundError: [Errno 2] No such file or directory: '/mnt/afs/260010168/EarthDelta/runs/online/v92_execution_20260930T071601Z/code/t1/runs/online/t1_reserved/tmp/existing_cpu'

/usr/lib/python3.10/pathlib.py:1175: FileNotFoundError
_ ERROR at setup of test_default_store_resolver_does_not_fall_back_to_intermediate _

self = PosixPath('/mnt/afs/260010168/EarthDelta/runs/online/v92_execution_20260930T071601Z/code/t1/runs/online/t1_reserved/tmp/existing_cpu')
mode = 448, parents = False, exist_ok = False

    def mkdir(self, mode=0o777, parents=False, exist_ok=False):
        """
        Create a new directory at this given path.
        """
        try:
>           self._accessor.mkdir(self, mode)
E           FileNotFoundError: [Errno 2] No such file or directory: '/mnt/afs/260010168/EarthDelta/runs/online/v92_execution_20260930T071601Z/code/t1/runs/online/t1_reserved/tmp/existing_cpu'

/usr/lib/python3.10/pathlib.py:1175: FileNotFoundError
_ ERROR at setup of test_batch_admission_shares_one_process_group_and_collects_rejections _

self = PosixPath('/mnt/afs/260010168/EarthDelta/runs/online/v92_execution_20260930T071601Z/code/t1/runs/online/t1_reserved/tmp/existing_cpu')
mode = 448, parents = False, exist_ok = False

    def mkdir(self, mode=0o777, parents=False, exist_ok=False):
        """
        Create a new directory at this given path.
        """
        try:
>           self._accessor.mkdir(self, mode)
E           FileNotFoundError: [Errno 2] No such file or directory: '/mnt/afs/260010168/EarthDelta/runs/online/v92_execution_20260930T071601Z/code/t1/runs/online/t1_reserved/tmp/existing_cpu'

/usr/lib/python3.10/pathlib.py:1175: FileNotFoundError
___________ ERROR at setup of test_batch_admission_report_serializes ___________

self = PosixPath('/mnt/afs/260010168/EarthDelta/runs/online/v92_execution_20260930T071601Z/code/t1/runs/online/t1_reserved/tmp/existing_cpu')
mode = 448, parents = False, exist_ok = False

    def mkdir(self, mode=0o777, parents=False, exist_ok=False):
        """
        Create a new directory at this given path.
        """
        try:
>           self._accessor.mkdir(self, mode)
E           FileNotFoundError: [Errno 2] No such file or directory: '/mnt/afs/260010168/EarthDelta/runs/online/v92_execution_20260930T071601Z/code/t1/runs/online/t1_reserved/tmp/existing_cpu'

/usr/lib/python3.10/pathlib.py:1175: FileNotFoundError
________ ERROR at setup of test_empty_batch_is_not_reported_as_passing _________

self = PosixPath('/mnt/afs/260010168/EarthDelta/runs/online/v92_execution_20260930T071601Z/code/t1/runs/online/t1_reserved/tmp/existing_cpu')
mode = 448, parents = False, exist_ok = False

    def mkdir(self, mode=0o777, parents=False, exist_ok=False):
        """
        Create a new directory at this given path.
        """
        try:
>           self._accessor.mkdir(self, mode)
E           FileNotFoundError: [Errno 2] No such file or directory: '/mnt/afs/260010168/EarthDelta/runs/online/v92_execution_20260930T071601Z/code/t1/runs/online/t1_reserved/tmp/existing_cpu'

/usr/lib/python3.10/pathlib.py:1175: FileNotFoundError
________ ERROR at setup of test_manifest_row_round_trips_the_new_fields ________

self = PosixPath('/mnt/afs/260010168/EarthDelta/runs/online/v92_execution_20260930T071601Z/code/t1/runs/online/t1_reserved/tmp/existing_cpu')
mode = 448, parents = False, exist_ok = False

    def mkdir(self, mode=0o777, parents=False, exist_ok=False):
        """
        Create a new directory at this given path.
        """
        try:
>           self._accessor.mkdir(self, mode)
E           FileNotFoundError: [Errno 2] No such file or directory: '/mnt/afs/260010168/EarthDelta/runs/online/v92_execution_20260930T071601Z/code/t1/runs/online/t1_reserved/tmp/existing_cpu'

/usr/lib/python3.10/pathlib.py:1175: FileNotFoundError
______ ERROR at setup of test_admission_can_attach_a_content_certificate _______

self = PosixPath('/mnt/afs/260010168/EarthDelta/runs/online/v92_execution_20260930T071601Z/code/t1/runs/online/t1_reserved/tmp/existing_cpu')
mode = 448, parents = False, exist_ok = False

    def mkdir(self, mode=0o777, parents=False, exist_ok=False):
        """
        Create a new directory at this given path.
        """
        try:
>           self._accessor.mkdir(self, mode)
E           FileNotFoundError: [Errno 2] No such file or directory: '/mnt/afs/260010168/EarthDelta/runs/online/v92_execution_20260930T071601Z/code/t1/runs/online/t1_reserved/tmp/existing_cpu'

/usr/lib/python3.10/pathlib.py:1175: FileNotFoundError
_ ERROR at setup of test_content_verification_of_a_cross_store_span_is_refused_not_faked _

self = PosixPath('/mnt/afs/260010168/EarthDelta/runs/online/v92_execution_20260930T071601Z/code/t1/runs/online/t1_reserved/tmp/existing_cpu')
mode = 448, parents = False, exist_ok = False

    def mkdir(self, mode=0o777, parents=False, exist_ok=False):
        """
        Create a new directory at this given path.
        """
        try:
>           self._accessor.mkdir(self, mode)
E           FileNotFoundError: [Errno 2] No such file or directory: '/mnt/afs/260010168/EarthDelta/runs/online/v92_execution_20260930T071601Z/code/t1/runs/online/t1_reserved/tmp/existing_cpu'

/usr/lib/python3.10/pathlib.py:1175: FileNotFoundError
______ ERROR at setup of test_gate_entry_point_passes_on_admissible_rows _______

self = PosixPath('/mnt/afs/260010168/EarthDelta/runs/online/v92_execution_20260930T071601Z/code/t1/runs/online/t1_reserved/tmp/existing_cpu')
mode = 448, parents = False, exist_ok = False

    def mkdir(self, mode=0o777, parents=False, exist_ok=False):
        """
        Create a new directory at this given path.
        """
        try:
>           self._accessor.mkdir(self, mode)
E           FileNotFoundError: [Errno 2] No such file or directory: '/mnt/afs/260010168/EarthDelta/runs/online/v92_execution_20260930T071601Z/code/t1/runs/online/t1_reserved/tmp/existing_cpu'

/usr/lib/python3.10/pathlib.py:1175: FileNotFoundError
_ ERROR at setup of test_gate_entry_point_fails_when_the_year_was_never_pulled _

self = PosixPath('/mnt/afs/260010168/EarthDelta/runs/online/v92_execution_20260930T071601Z/code/t1/runs/online/t1_reserved/tmp/existing_cpu')
mode = 448, parents = False, exist_ok = False

    def mkdir(self, mode=0o777, parents=False, exist_ok=False):
        """
        Create a new directory at this given path.
        """
        try:
>           self._accessor.mkdir(self, mode)
E           FileNotFoundError: [Errno 2] No such file or directory: '/mnt/afs/260010168/EarthDelta/runs/online/v92_execution_20260930T071601Z/code/t1/runs/online/t1_reserved/tmp/existing_cpu'

/usr/lib/python3.10/pathlib.py:1175: FileNotFoundError
_ ERROR at setup of test_gate_entry_point_requires_a_data_role_in_formal_mode __

self = PosixPath('/mnt/afs/260010168/EarthDelta/runs/online/v92_execution_20260930T071601Z/code/t1/runs/online/t1_reserved/tmp/existing_cpu')
mode = 448, parents = False, exist_ok = False

    def mkdir(self, mode=0o777, parents=False, exist_ok=False):
        """
        Create a new directory at this given path.
        """
        try:
>           self._accessor.mkdir(self, mode)
E           FileNotFoundError: [Errno 2] No such file or directory: '/mnt/afs/260010168/EarthDelta/runs/online/v92_execution_20260930T071601Z/code/t1/runs/online/t1_reserved/tmp/existing_cpu'

/usr/lib/python3.10/pathlib.py:1175: FileNotFoundError
________ ERROR at setup of test_positive_store_passes_real_entry_point _________

self = PosixPath('/mnt/afs/260010168/EarthDelta/runs/online/v92_execution_20260930T071601Z/code/t1/runs/online/t1_reserved/tmp/existing_cpu')
mode = 448, parents = False, exist_ok = False

    def mkdir(self, mode=0o777, parents=False, exist_ok=False):
        """
        Create a new directory at this given path.
        """
        try:
>           self._accessor.mkdir(self, mode)
E           FileNotFoundError: [Errno 2] No such file or directory: '/mnt/afs/260010168/EarthDelta/runs/online/v92_execution_20260930T071601Z/code/t1/runs/online/t1_reserved/tmp/existing_cpu'

/usr/lib/python3.10/pathlib.py:1175: FileNotFoundError
_____ ERROR at setup of test_positive_store_reports_every_check_as_passed ______

self = PosixPath('/mnt/afs/260010168/EarthDelta/runs/online/v92_execution_20260930T071601Z/code/t1/runs/online/t1_reserved/tmp/existing_cpu')
mode = 448, parents = False, exist_ok = False

    def mkdir(self, mode=0o777, parents=False, exist_ok=False):
        """
        Create a new directory at this given path.
        """
        try:
>           self._accessor.mkdir(self, mode)
E           FileNotFoundError: [Errno 2] No such file or directory: '/mnt/afs/260010168/EarthDelta/runs/online/v92_execution_20260930T071601Z/code/t1/runs/online/t1_reserved/tmp/existing_cpu'

/usr/lib/python3.10/pathlib.py:1175: FileNotFoundError
__________ ERROR at setup of test_positive_store_writes_a_json_report __________

self = PosixPath('/mnt/afs/260010168/EarthDelta/runs/online/v92_execution_20260930T071601Z/code/t1/runs/online/t1_reserved/tmp/existing_cpu')
mode = 448, parents = False, exist_ok = False

    def mkdir(self, mode=0o777, parents=False, exist_ok=False):
        """
        Create a new directory at this given path.
        """
        try:
>           self._accessor.mkdir(self, mode)
E           FileNotFoundError: [Errno 2] No such file or directory: '/mnt/afs/260010168/EarthDelta/runs/online/v92_execution_20260930T071601Z/code/t1/runs/online/t1_reserved/tmp/existing_cpu'

/usr/lib/python3.10/pathlib.py:1175: FileNotFoundError
___________ ERROR at setup of test_negative_missing_history_endpoint ___________

self = PosixPath('/mnt/afs/260010168/EarthDelta/runs/online/v92_execution_20260930T071601Z/code/t1/runs/online/t1_reserved/tmp/existing_cpu')
mode = 448, parents = False, exist_ok = False

    def mkdir(self, mode=0o777, parents=False, exist_ok=False):
        """
        Create a new directory at this given path.
        """
        try:
>           self._accessor.mkdir(self, mode)
E           FileNotFoundError: [Errno 2] No such file or directory: '/mnt/afs/260010168/EarthDelta/runs/online/v92_execution_20260930T071601Z/code/t1/runs/online/t1_reserved/tmp/existing_cpu'

/usr/lib/python3.10/pathlib.py:1175: FileNotFoundError
___________ ERROR at setup of test_negative_missing_target_endpoint ____________

self = PosixPath('/mnt/afs/260010168/EarthDelta/runs/online/v92_execution_20260930T071601Z/code/t1/runs/online/t1_reserved/tmp/existing_cpu')
mode = 448, parents = False, exist_ok = False

    def mkdir(self, mode=0o777, parents=False, exist_ok=False):
        """
        Create a new directory at this given path.
        """
        try:
>           self._accessor.mkdir(self, mode)
E           FileNotFoundError: [Errno 2] No such file or directory: '/mnt/afs/260010168/EarthDelta/runs/online/v92_execution_20260930T071601Z/code/t1/runs/online/t1_reserved/tmp/existing_cpu'

/usr/lib/python3.10/pathlib.py:1175: FileNotFoundError
_______ ERROR at setup of test_negative_target_window_longer_than_record _______

self = PosixPath('/mnt/afs/260010168/EarthDelta/runs/online/v92_execution_20260930T071601Z/code/t1/runs/online/t1_reserved/tmp/existing_cpu')
mode = 448, parents = False, exist_ok = False

    def mkdir(self, mode=0o777, parents=False, exist_ok=False):
        """
        Create a new directory at this given path.
        """
        try:
>           self._accessor.mkdir(self, mode)
E           FileNotFoundError: [Errno 2] No such file or directory: '/mnt/afs/260010168/EarthDelta/runs/online/v92_execution_20260930T071601Z/code/t1/runs/online/t1_reserved/tmp/existing_cpu'

/usr/lib/python3.10/pathlib.py:1175: FileNotFoundError
___________ ERROR at setup of test_negative_index_past_end_of_record ___________

self = PosixPath('/mnt/afs/260010168/EarthDelta/runs/online/v92_execution_20260930T071601Z/code/t1/runs/online/t1_reserved/tmp/existing_cpu')
mode = 448, parents = False, exist_ok = False

    def mkdir(self, mode=0o777, parents=False, exist_ok=False):
        """
        Create a new directory at this given path.
        """
        try:
>           self._accessor.mkdir(self, mode)
E           FileNotFoundError: [Errno 2] No such file or directory: '/mnt/afs/260010168/EarthDelta/runs/online/v92_execution_20260930T071601Z/code/t1/runs/online/t1_reserved/tmp/existing_cpu'

/usr/lib/python3.10/pathlib.py:1175: FileNotFoundError
____ ERROR at setup of test_negative_negative_index_is_refused_not_wrapped _____

self = PosixPath('/mnt/afs/260010168/EarthDelta/runs/online/v92_execution_20260930T071601Z/code/t1/runs/online/t1_reserved/tmp/existing_cpu')
mode = 448, parents = False, exist_ok = False

    def mkdir(self, mode=0o777, parents=False, exist_ok=False):
        """
        Create a new directory at this given path.
        """
        try:
>           self._accessor.mkdir(self, mode)
E           FileNotFoundError: [Errno 2] No such file or directory: '/mnt/afs/260010168/EarthDelta/runs/online/v92_execution_20260930T071601Z/code/t1/runs/online/t1_reserved/tmp/existing_cpu'

/usr/lib/python3.10/pathlib.py:1175: FileNotFoundError
_____________ ERROR at setup of test_negative_time_axis_has_a_gap ______________

self = PosixPath('/mnt/afs/260010168/EarthDelta/runs/online/v92_execution_20260930T071601Z/code/t1/runs/online/t1_reserved/tmp/existing_cpu')
mode = 448, parents = False, exist_ok = False

    def mkdir(self, mode=0o777, parents=False, exist_ok=False):
        """
        Create a new directory at this given path.
        """
        try:
>           self._accessor.mkdir(self, mode)
E           FileNotFoundError: [Errno 2] No such file or directory: '/mnt/afs/260010168/EarthDelta/runs/online/v92_execution_20260930T071601Z/code/t1/runs/online/t1_reserved/tmp/existing_cpu'

/usr/lib/python3.10/pathlib.py:1175: FileNotFoundError
____ ERROR at setup of test_uniform_span_outside_the_gap_is_still_admitted _____

self = PosixPath('/mnt/afs/260010168/EarthDelta/runs/online/v92_execution_20260930T071601Z/code/t1/runs/online/t1_reserved/tmp/existing_cpu')
mode = 448, parents = False, exist_ok = False

    def mkdir(self, mode=0o777, parents=False, exist_ok=False):
        """
        Create a new directory at this given path.
        """
        try:
>           self._accessor.mkdir(self, mode)
E           FileNotFoundError: [Errno 2] No such file or directory: '/mnt/afs/260010168/EarthDelta/runs/online/v92_execution_20260930T071601Z/code/t1/runs/online/t1_reserved/tmp/existing_cpu'

/usr/lib/python3.10/pathlib.py:1175: FileNotFoundError
_ ERROR at setup of test_negative_latitude_order_reversed_through_the_real_driver _

self = PosixPath('/mnt/afs/260010168/EarthDelta/runs/online/v92_execution_20260930T071601Z/code/t1/runs/online/t1_reserved/tmp/existing_cpu')
mode = 448, parents = False, exist_ok = False

    def mkdir(self, mode=0o777, parents=False, exist_ok=False):
        """
        Create a new directory at this given path.
        """
        try:
>           self._accessor.mkdir(self, mode)
E           FileNotFoundError: [Errno 2] No such file or directory: '/mnt/afs/260010168/EarthDelta/runs/online/v92_execution_20260930T071601Z/code/t1/runs/online/t1_reserved/tmp/existing_cpu'

/usr/lib/python3.10/pathlib.py:1175: FileNotFoundError
__ ERROR at setup of test_negative_coordinate_order_on_the_real_stormer_grid ___

self = PosixPath('/mnt/afs/260010168/EarthDelta/runs/online/v92_execution_20260930T071601Z/code/t1/runs/online/t1_reserved/tmp/existing_cpu')
mode = 448, parents = False, exist_ok = False

    def mkdir(self, mode=0o777, parents=False, exist_ok=False):
        """
        Create a new directory at this given path.
        """
        try:
>           self._accessor.mkdir(self, mode)
E           FileNotFoundError: [Errno 2] No such file or directory: '/mnt/afs/260010168/EarthDelta/runs/online/v92_execution_20260930T071601Z/code/t1/runs/online/t1_reserved/tmp/existing_cpu'

/usr/lib/python3.10/pathlib.py:1175: FileNotFoundError
_ ERROR at setup of test_negative_wrong_identity_stamp_on_the_real_stormer_grid _

self = PosixPath('/mnt/afs/260010168/EarthDelta/runs/online/v92_execution_20260930T071601Z/code/t1/runs/online/t1_reserved/tmp/existing_cpu')
mode = 448, parents = False, exist_ok = False

    def mkdir(self, mode=0o777, parents=False, exist_ok=False):
        """
        Create a new directory at this given path.
        """
        try:
>           self._accessor.mkdir(self, mode)
E           FileNotFoundError: [Errno 2] No such file or directory: '/mnt/afs/260010168/EarthDelta/runs/online/v92_execution_20260930T071601Z/code/t1/runs/online/t1_reserved/tmp/existing_cpu'

/usr/lib/python3.10/pathlib.py:1175: FileNotFoundError
____________ ERROR at setup of test_negative_shifted_longitude_grid ____________

self = PosixPath('/mnt/afs/260010168/EarthDelta/runs/online/v92_execution_20260930T071601Z/code/t1/runs/online/t1_reserved/tmp/existing_cpu')
mode = 448, parents = False, exist_ok = False

    def mkdir(self, mode=0o777, parents=False, exist_ok=False):
        """
        Create a new directory at this given path.
        """
        try:
>           self._accessor.mkdir(self, mode)
E           FileNotFoundError: [Errno 2] No such file or directory: '/mnt/afs/260010168/EarthDelta/runs/online/v92_execution_20260930T071601Z/code/t1/runs/online/t1_reserved/tmp/existing_cpu'

/usr/lib/python3.10/pathlib.py:1175: FileNotFoundError
_____________ ERROR at setup of test_negative_permuted_coordinates _____________

self = PosixPath('/mnt/afs/260010168/EarthDelta/runs/online/v92_execution_20260930T071601Z/code/t1/runs/online/t1_reserved/tmp/existing_cpu')
mode = 448, parents = False, exist_ok = False

    def mkdir(self, mode=0o777, parents=False, exist_ok=False):
        """
        Create a new directory at this given path.
        """
        try:
>           self._accessor.mkdir(self, mode)
E           FileNotFoundError: [Errno 2] No such file or directory: '/mnt/afs/260010168/EarthDelta/runs/online/v92_execution_20260930T071601Z/code/t1/runs/online/t1_reserved/tmp/existing_cpu'

/usr/lib/python3.10/pathlib.py:1175: FileNotFoundError
___________ ERROR at setup of test_negative_wrong_coordinate_length ____________

self = PosixPath('/mnt/afs/260010168/EarthDelta/runs/online/v92_execution_20260930T071601Z/code/t1/runs/online/t1_reserved/tmp/existing_cpu')
mode = 448, parents = False, exist_ok = False

    def mkdir(self, mode=0o777, parents=False, exist_ok=False):
        """
        Create a new directory at this given path.
        """
        try:
>           self._accessor.mkdir(self, mode)
E           FileNotFoundError: [Errno 2] No such file or directory: '/mnt/afs/260010168/EarthDelta/runs/online/v92_execution_20260930T071601Z/code/t1/runs/online/t1_reserved/tmp/existing_cpu'

/usr/lib/python3.10/pathlib.py:1175: FileNotFoundError
_______ ERROR at setup of test_negative_channel_never_written_stays_nan ________

self = PosixPath('/mnt/afs/260010168/EarthDelta/runs/online/v92_execution_20260930T071601Z/code/t1/runs/online/t1_reserved/tmp/existing_cpu')
mode = 448, parents = False, exist_ok = False

    def mkdir(self, mode=0o777, parents=False, exist_ok=False):
        """
        Create a new directory at this given path.
        """
        try:
>           self._accessor.mkdir(self, mode)
E           FileNotFoundError: [Errno 2] No such file or directory: '/mnt/afs/260010168/EarthDelta/runs/online/v92_execution_20260930T071601Z/code/t1/runs/online/t1_reserved/tmp/existing_cpu'

/usr/lib/python3.10/pathlib.py:1175: FileNotFoundError
___ ERROR at setup of test_non_finite_violation_names_the_offending_channel ____

self = PosixPath('/mnt/afs/260010168/EarthDelta/runs/online/v92_execution_20260930T071601Z/code/t1/runs/online/t1_reserved/tmp/existing_cpu')
mode = 448, parents = False, exist_ok = False

    def mkdir(self, mode=0o777, parents=False, exist_ok=False):
        """
        Create a new directory at this given path.
        """
        try:
>           self._accessor.mkdir(self, mode)
E           FileNotFoundError: [Errno 2] No such file or directory: '/mnt/afs/260010168/EarthDelta/runs/online/v92_execution_20260930T071601Z/code/t1/runs/online/t1_reserved/tmp/existing_cpu'

/usr/lib/python3.10/pathlib.py:1175: FileNotFoundError
_______________ ERROR at setup of test_negative_infinite_content _______________

self = PosixPath('/mnt/afs/260010168/EarthDelta/runs/online/v92_execution_20260930T071601Z/code/t1/runs/online/t1_reserved/tmp/existing_cpu')
mode = 448, parents = False, exist_ok = False

    def mkdir(self, mode=0o777, parents=False, exist_ok=False):
        """
        Create a new directory at this given path.
        """
        try:
>           self._accessor.mkdir(self, mode)
E           FileNotFoundError: [Errno 2] No such file or directory: '/mnt/afs/260010168/EarthDelta/runs/online/v92_execution_20260930T071601Z/code/t1/runs/online/t1_reserved/tmp/existing_cpu'

/usr/lib/python3.10/pathlib.py:1175: FileNotFoundError
_ ERROR at setup of test_non_finite_outside_the_requested_span_is_not_charged __

self = PosixPath('/mnt/afs/260010168/EarthDelta/runs/online/v92_execution_20260930T071601Z/code/t1/runs/online/t1_reserved/tmp/existing_cpu')
mode = 448, parents = False, exist_ok = False

    def mkdir(self, mode=0o777, parents=False, exist_ok=False):
        """
        Create a new directory at this given path.
        """
        try:
>           self._accessor.mkdir(self, mode)
E           FileNotFoundError: [Errno 2] No such file or directory: '/mnt/afs/260010168/EarthDelta/runs/online/v92_execution_20260930T071601Z/code/t1/runs/online/t1_reserved/tmp/existing_cpu'

/usr/lib/python3.10/pathlib.py:1175: FileNotFoundError
_____________ ERROR at setup of test_negative_wrong_channel_count ______________

self = PosixPath('/mnt/afs/260010168/EarthDelta/runs/online/v92_execution_20260930T071601Z/code/t1/runs/online/t1_reserved/tmp/existing_cpu')
mode = 448, parents = False, exist_ok = False

    def mkdir(self, mode=0o777, parents=False, exist_ok=False):
        """
        Create a new directory at this given path.
        """
        try:
>           self._accessor.mkdir(self, mode)
E           FileNotFoundError: [Errno 2] No such file or directory: '/mnt/afs/260010168/EarthDelta/runs/online/v92_execution_20260930T071601Z/code/t1/runs/online/t1_reserved/tmp/existing_cpu'

/usr/lib/python3.10/pathlib.py:1175: FileNotFoundError
______ ERROR at setup of test_negative_stale_marker_points_at_a_new_store ______

self = PosixPath('/mnt/afs/260010168/EarthDelta/runs/online/v92_execution_20260930T071601Z/code/t1/runs/online/t1_reserved/tmp/existing_cpu')
mode = 448, parents = False, exist_ok = False

    def mkdir(self, mode=0o777, parents=False, exist_ok=False):
        """
        Create a new directory at this given path.
        """
        try:
>           self._accessor.mkdir(self, mode)
E           FileNotFoundError: [Errno 2] No such file or directory: '/mnt/afs/260010168/EarthDelta/runs/online/v92_execution_20260930T071601Z/code/t1/runs/online/t1_reserved/tmp/existing_cpu'

/usr/lib/python3.10/pathlib.py:1175: FileNotFoundError
__ ERROR at setup of test_stale_marker_violation_names_the_offending_markers ___

self = PosixPath('/mnt/afs/260010168/EarthDelta/runs/online/v92_execution_20260930T071601Z/code/t1/runs/online/t1_reserved/tmp/existing_cpu')
mode = 448, parents = False, exist_ok = False

    def mkdir(self, mode=0o777, parents=False, exist_ok=False):
        """
        Create a new directory at this given path.
        """
        try:
>           self._accessor.mkdir(self, mode)
E           FileNotFoundError: [Errno 2] No such file or directory: '/mnt/afs/260010168/EarthDelta/runs/online/v92_execution_20260930T071601Z/code/t1/runs/online/t1_reserved/tmp/existing_cpu'

/usr/lib/python3.10/pathlib.py:1175: FileNotFoundError
_____ ERROR at setup of test_markers_written_after_the_store_are_admitted ______

self = PosixPath('/mnt/afs/260010168/EarthDelta/runs/online/v92_execution_20260930T071601Z/code/t1/runs/online/t1_reserved/tmp/existing_cpu')
mode = 448, parents = False, exist_ok = False

    def mkdir(self, mode=0o777, parents=False, exist_ok=False):
        """
        Create a new directory at this given path.
        """
        try:
>           self._accessor.mkdir(self, mode)
E           FileNotFoundError: [Errno 2] No such file or directory: '/mnt/afs/260010168/EarthDelta/runs/online/v92_execution_20260930T071601Z/code/t1/runs/online/t1_reserved/tmp/existing_cpu'

/usr/lib/python3.10/pathlib.py:1175: FileNotFoundError
___ ERROR at setup of test_marker_in_the_same_second_is_admitted_with_slack ____

self = PosixPath('/mnt/afs/260010168/EarthDelta/runs/online/v92_execution_20260930T071601Z/code/t1/runs/online/t1_reserved/tmp/existing_cpu')
mode = 448, parents = False, exist_ok = False

    def mkdir(self, mode=0o777, parents=False, exist_ok=False):
        """
        Create a new directory at this given path.
        """
        try:
>           self._accessor.mkdir(self, mode)
E           FileNotFoundError: [Errno 2] No such file or directory: '/mnt/afs/260010168/EarthDelta/runs/online/v92_execution_20260930T071601Z/code/t1/runs/online/t1_reserved/tmp/existing_cpu'

/usr/lib/python3.10/pathlib.py:1175: FileNotFoundError
___ ERROR at setup of test_markers_survive_a_store_recreation_and_are_caught ___

self = PosixPath('/mnt/afs/260010168/EarthDelta/runs/online/v92_execution_20260930T071601Z/code/t1/runs/online/t1_reserved/tmp/existing_cpu')
mode = 448, parents = False, exist_ok = False

    def mkdir(self, mode=0o777, parents=False, exist_ok=False):
        """
        Create a new directory at this given path.
        """
        try:
>           self._accessor.mkdir(self, mode)
E           FileNotFoundError: [Errno 2] No such file or directory: '/mnt/afs/260010168/EarthDelta/runs/online/v92_execution_20260930T071601Z/code/t1/runs/online/t1_reserved/tmp/existing_cpu'

/usr/lib/python3.10/pathlib.py:1175: FileNotFoundError
_ ERROR at setup of test_store_without_creation_stamp_cannot_validate_its_markers _

self = PosixPath('/mnt/afs/260010168/EarthDelta/runs/online/v92_execution_20260930T071601Z/code/t1/runs/online/t1_reserved/tmp/existing_cpu')
mode = 448, parents = False, exist_ok = False

    def mkdir(self, mode=0o777, parents=False, exist_ok=False):
        """
        Create a new directory at this given path.
        """
        try:
>           self._accessor.mkdir(self, mode)
E           FileNotFoundError: [Errno 2] No such file or directory: '/mnt/afs/260010168/EarthDelta/runs/online/v92_execution_20260930T071601Z/code/t1/runs/online/t1_reserved/tmp/existing_cpu'

/usr/lib/python3.10/pathlib.py:1175: FileNotFoundError
___________ ERROR at setup of test_store_with_no_markers_is_admitted ___________

self = PosixPath('/mnt/afs/260010168/EarthDelta/runs/online/v92_execution_20260930T071601Z/code/t1/runs/online/t1_reserved/tmp/existing_cpu')
mode = 448, parents = False, exist_ok = False

    def mkdir(self, mode=0o777, parents=False, exist_ok=False):
        """
        Create a new directory at this given path.
        """
        try:
>           self._accessor.mkdir(self, mode)
E           FileNotFoundError: [Errno 2] No such file or directory: '/mnt/afs/260010168/EarthDelta/runs/online/v92_execution_20260930T071601Z/code/t1/runs/online/t1_reserved/tmp/existing_cpu'

/usr/lib/python3.10/pathlib.py:1175: FileNotFoundError
____________ ERROR at setup of test_negative_wrong_grid_hash_stamp _____________

self = PosixPath('/mnt/afs/260010168/EarthDelta/runs/online/v92_execution_20260930T071601Z/code/t1/runs/online/t1_reserved/tmp/existing_cpu')
mode = 448, parents = False, exist_ok = False

    def mkdir(self, mode=0o777, parents=False, exist_ok=False):
        """
        Create a new directory at this given path.
        """
        try:
>           self._accessor.mkdir(self, mode)
E           FileNotFoundError: [Errno 2] No such file or directory: '/mnt/afs/260010168/EarthDelta/runs/online/v92_execution_20260930T071601Z/code/t1/runs/online/t1_reserved/tmp/existing_cpu'

/usr/lib/python3.10/pathlib.py:1175: FileNotFoundError
_______ ERROR at setup of test_negative_wrong_variable_order_hash_stamp ________

self = PosixPath('/mnt/afs/260010168/EarthDelta/runs/online/v92_execution_20260930T071601Z/code/t1/runs/online/t1_reserved/tmp/existing_cpu')
mode = 448, parents = False, exist_ok = False

    def mkdir(self, mode=0o777, parents=False, exist_ok=False):
        """
        Create a new directory at this given path.
        """
        try:
>           self._accessor.mkdir(self, mode)
E           FileNotFoundError: [Errno 2] No such file or directory: '/mnt/afs/260010168/EarthDelta/runs/online/v92_execution_20260930T071601Z/code/t1/runs/online/t1_reserved/tmp/existing_cpu'

/usr/lib/python3.10/pathlib.py:1175: FileNotFoundError
________________ ERROR at setup of test_negative_missing_store _________________

self = PosixPath('/mnt/afs/260010168/EarthDelta/runs/online/v92_execution_20260930T071601Z/code/t1/runs/online/t1_reserved/tmp/existing_cpu')
mode = 448, parents = False, exist_ok = False

    def mkdir(self, mode=0o777, parents=False, exist_ok=False):
        """
        Create a new directory at this given path.
        """
        try:
>           self._accessor.mkdir(self, mode)
E           FileNotFoundError: [Errno 2] No such file or directory: '/mnt/afs/260010168/EarthDelta/runs/online/v92_execution_20260930T071601Z/code/t1/runs/online/t1_reserved/tmp/existing_cpu'

/usr/lib/python3.10/pathlib.py:1175: FileNotFoundError
________ ERROR at setup of test_loaded_sample_accepts_xarray_dataarray _________

self = PosixPath('/mnt/afs/260010168/EarthDelta/runs/online/v92_execution_20260930T071601Z/code/t1/runs/online/t1_reserved/tmp/existing_cpu')
mode = 448, parents = False, exist_ok = False

    def mkdir(self, mode=0o777, parents=False, exist_ok=False):
        """
        Create a new directory at this given path.
        """
        try:
>           self._accessor.mkdir(self, mode)
E           FileNotFoundError: [Errno 2] No such file or directory: '/mnt/afs/260010168/EarthDelta/runs/online/v92_execution_20260930T071601Z/code/t1/runs/online/t1_reserved/tmp/existing_cpu'

/usr/lib/python3.10/pathlib.py:1175: FileNotFoundError
__________ ERROR at setup of test_cli_returns_two_when_it_cannot_run ___________

self = PosixPath('/mnt/afs/260010168/EarthDelta/runs/online/v92_execution_20260930T071601Z/code/t1/runs/online/t1_reserved/tmp/existing_cpu')
mode = 448, parents = False, exist_ok = False

    def mkdir(self, mode=0o777, parents=False, exist_ok=False):
        """
        Create a new directory at this given path.
        """
        try:
>           self._accessor.mkdir(self, mode)
E           FileNotFoundError: [Errno 2] No such file or directory: '/mnt/afs/260010168/EarthDelta/runs/online/v92_execution_20260930T071601Z/code/t1/runs/online/t1_reserved/tmp/existing_cpu'

/usr/lib/python3.10/pathlib.py:1175: FileNotFoundError
_____________ ERROR at setup of test_cli_honours_no_interval_check _____________

self = PosixPath('/mnt/afs/260010168/EarthDelta/runs/online/v92_execution_20260930T071601Z/code/t1/runs/online/t1_reserved/tmp/existing_cpu')
mode = 448, parents = False, exist_ok = False

    def mkdir(self, mode=0o777, parents=False, exist_ok=False):
        """
        Create a new directory at this given path.
        """
        try:
>           self._accessor.mkdir(self, mode)
E           FileNotFoundError: [Errno 2] No such file or directory: '/mnt/afs/260010168/EarthDelta/runs/online/v92_execution_20260930T071601Z/code/t1/runs/online/t1_reserved/tmp/existing_cpu'

/usr/lib/python3.10/pathlib.py:1175: FileNotFoundError
__________ ERROR at setup of test_cli_accepts_an_explicit_marker_dir ___________

self = PosixPath('/mnt/afs/260010168/EarthDelta/runs/online/v92_execution_20260930T071601Z/code/t1/runs/online/t1_reserved/tmp/existing_cpu')
mode = 448, parents = False, exist_ok = False

    def mkdir(self, mode=0o777, parents=False, exist_ok=False):
        """
        Create a new directory at this given path.
        """
        try:
>           self._accessor.mkdir(self, mode)
E           FileNotFoundError: [Errno 2] No such file or directory: '/mnt/afs/260010168/EarthDelta/runs/online/v92_execution_20260930T071601Z/code/t1/runs/online/t1_reserved/tmp/existing_cpu'

/usr/lib/python3.10/pathlib.py:1175: FileNotFoundError
_ ERROR at setup of test_preflight_reports_several_independent_faults_in_one_run _

self = PosixPath('/mnt/afs/260010168/EarthDelta/runs/online/v92_execution_20260930T071601Z/code/t1/runs/online/t1_reserved/tmp/existing_cpu')
mode = 448, parents = False, exist_ok = False

    def mkdir(self, mode=0o777, parents=False, exist_ok=False):
        """
        Create a new directory at this given path.
        """
        try:
>           self._accessor.mkdir(self, mode)
E           FileNotFoundError: [Errno 2] No such file or directory: '/mnt/afs/260010168/EarthDelta/runs/online/v92_execution_20260930T071601Z/code/t1/runs/online/t1_reserved/tmp/existing_cpu'

/usr/lib/python3.10/pathlib.py:1175: FileNotFoundError
_______ ERROR at setup of test_certify_for_role_bank_fit_equals_fs_copy ________

self = PosixPath('/mnt/afs/260010168/EarthDelta/runs/online/v92_execution_20260930T071601Z/code/t1/runs/online/t1_reserved/tmp/existing_cpu')
mode = 448, parents = False, exist_ok = False

    def mkdir(self, mode=0o777, parents=False, exist_ok=False):
        """
        Create a new directory at this given path.
        """
        try:
>           self._accessor.mkdir(self, mode)
E           FileNotFoundError: [Errno 2] No such file or directory: '/mnt/afs/260010168/EarthDelta/runs/online/v92_execution_20260930T071601Z/code/t1/runs/online/t1_reserved/tmp/existing_cpu'

/usr/lib/python3.10/pathlib.py:1175: FileNotFoundError
_________ ERROR at setup of test_failed_fs_fit_blocks_every_successor __________

self = PosixPath('/mnt/afs/260010168/EarthDelta/runs/online/v92_execution_20260930T071601Z/code/t1/runs/online/t1_reserved/tmp/existing_cpu')
mode = 448, parents = False, exist_ok = False

    def mkdir(self, mode=0o777, parents=False, exist_ok=False):
        """
        Create a new directory at this given path.
        """
        try:
>           self._accessor.mkdir(self, mode)
E           FileNotFoundError: [Errno 2] No such file or directory: '/mnt/afs/260010168/EarthDelta/runs/online/v92_execution_20260930T071601Z/code/t1/runs/online/t1_reserved/tmp/existing_cpu'

/usr/lib/python3.10/pathlib.py:1175: FileNotFoundError
______ ERROR at setup of test_exception_in_fs_fit_blocks_every_successor _______

self = PosixPath('/mnt/afs/260010168/EarthDelta/runs/online/v92_execution_20260930T071601Z/code/t1/runs/online/t1_reserved/tmp/existing_cpu')
mode = 448, parents = False, exist_ok = False

    def mkdir(self, mode=0o777, parents=False, exist_ok=False):
        """
        Create a new directory at this given path.
        """
        try:
>           self._accessor.mkdir(self, mode)
E           FileNotFoundError: [Errno 2] No such file or directory: '/mnt/afs/260010168/EarthDelta/runs/online/v92_execution_20260930T071601Z/code/t1/runs/online/t1_reserved/tmp/existing_cpu'

/usr/lib/python3.10/pathlib.py:1175: FileNotFoundError
_ ERROR at setup of test_non_formal_fit_can_never_be_frozen_in_the_chain[gradient_check] _

self = PosixPath('/mnt/afs/260010168/EarthDelta/runs/online/v92_execution_20260930T071601Z/code/t1/runs/online/t1_reserved/tmp/existing_cpu')
mode = 448, parents = False, exist_ok = False

    def mkdir(self, mode=0o777, parents=False, exist_ok=False):
        """
        Create a new directory at this given path.
        """
        try:
>           self._accessor.mkdir(self, mode)
E           FileNotFoundError: [Errno 2] No such file or directory: '/mnt/afs/260010168/EarthDelta/runs/online/v92_execution_20260930T071601Z/code/t1/runs/online/t1_reserved/tmp/existing_cpu'

/usr/lib/python3.10/pathlib.py:1175: FileNotFoundError
_ ERROR at setup of test_non_formal_fit_can_never_be_frozen_in_the_chain[stability_screen] _

self = PosixPath('/mnt/afs/260010168/EarthDelta/runs/online/v92_execution_20260930T071601Z/code/t1/runs/online/t1_reserved/tmp/existing_cpu')
mode = 448, parents = False, exist_ok = False

    def mkdir(self, mode=0o777, parents=False, exist_ok=False):
        """
        Create a new directory at this given path.
        """
        try:
>           self._accessor.mkdir(self, mode)
E           FileNotFoundError: [Errno 2] No such file or directory: '/mnt/afs/260010168/EarthDelta/runs/online/v92_execution_20260930T071601Z/code/t1/runs/online/t1_reserved/tmp/existing_cpu'

/usr/lib/python3.10/pathlib.py:1175: FileNotFoundError
____ ERROR at setup of test_real_stage_all_is_refused_before_anything_runs _____

self = PosixPath('/mnt/afs/260010168/EarthDelta/runs/online/v92_execution_20260930T071601Z/code/t1/runs/online/t1_reserved/tmp/existing_cpu')
mode = 448, parents = False, exist_ok = False

    def mkdir(self, mode=0o777, parents=False, exist_ok=False):
        """
        Create a new directory at this given path.
        """
        try:
>           self._accessor.mkdir(self, mode)
E           FileNotFoundError: [Errno 2] No such file or directory: '/mnt/afs/260010168/EarthDelta/runs/online/v92_execution_20260930T071601Z/code/t1/runs/online/t1_reserved/tmp/existing_cpu'

/usr/lib/python3.10/pathlib.py:1175: FileNotFoundError
_ ERROR at setup of test_post_fs_stages_without_a_protocol_are_refused_on_real_data[bank_train] _

self = PosixPath('/mnt/afs/260010168/EarthDelta/runs/online/v92_execution_20260930T071601Z/code/t1/runs/online/t1_reserved/tmp/existing_cpu')
mode = 448, parents = False, exist_ok = False

    def mkdir(self, mode=0o777, parents=False, exist_ok=False):
        """
        Create a new directory at this given path.
        """
        try:
>           self._accessor.mkdir(self, mode)
E           FileNotFoundError: [Errno 2] No such file or directory: '/mnt/afs/260010168/EarthDelta/runs/online/v92_execution_20260930T071601Z/code/t1/runs/online/t1_reserved/tmp/existing_cpu'

/usr/lib/python3.10/pathlib.py:1175: FileNotFoundError
_ ERROR at setup of test_post_fs_stages_without_a_protocol_are_refused_on_real_data[profile] _

self = PosixPath('/mnt/afs/260010168/EarthDelta/runs/online/v92_execution_20260930T071601Z/code/t1/runs/online/t1_reserved/tmp/existing_cpu')
mode = 448, parents = False, exist_ok = False

    def mkdir(self, mode=0o777, parents=False, exist_ok=False):
        """
        Create a new directory at this given path.
        """
        try:
>           self._accessor.mkdir(self, mode)
E           FileNotFoundError: [Errno 2] No such file or directory: '/mnt/afs/260010168/EarthDelta/runs/online/v92_execution_20260930T071601Z/code/t1/runs/online/t1_reserved/tmp/existing_cpu'

/usr/lib/python3.10/pathlib.py:1175: FileNotFoundError
_ ERROR at setup of test_post_fs_stages_without_a_protocol_are_refused_on_real_data[horizon_check] _

self = PosixPath('/mnt/afs/260010168/EarthDelta/runs/online/v92_execution_20260930T071601Z/code/t1/runs/online/t1_reserved/tmp/existing_cpu')
mode = 448, parents = False, exist_ok = False

    def mkdir(self, mode=0o777, parents=False, exist_ok=False):
        """
        Create a new directory at this given path.
        """
        try:
>           self._accessor.mkdir(self, mode)
E           FileNotFoundError: [Errno 2] No such file or directory: '/mnt/afs/260010168/EarthDelta/runs/online/v92_execution_20260930T071601Z/code/t1/runs/online/t1_reserved/tmp/existing_cpu'

/usr/lib/python3.10/pathlib.py:1175: FileNotFoundError
_ ERROR at setup of test_post_fs_stages_without_a_protocol_are_refused_on_real_data[bank_assemble] _

self = PosixPath('/mnt/afs/260010168/EarthDelta/runs/online/v92_execution_20260930T071601Z/code/t1/runs/online/t1_reserved/tmp/existing_cpu')
mode = 448, parents = False, exist_ok = False

    def mkdir(self, mode=0o777, parents=False, exist_ok=False):
        """
        Create a new directory at this given path.
        """
        try:
>           self._accessor.mkdir(self, mode)
E           FileNotFoundError: [Errno 2] No such file or directory: '/mnt/afs/260010168/EarthDelta/runs/online/v92_execution_20260930T071601Z/code/t1/runs/online/t1_reserved/tmp/existing_cpu'

/usr/lib/python3.10/pathlib.py:1175: FileNotFoundError
_ ERROR at setup of test_post_fs_stages_without_a_protocol_are_refused_on_real_data[bank_verify] _

self = PosixPath('/mnt/afs/260010168/EarthDelta/runs/online/v92_execution_20260930T071601Z/code/t1/runs/online/t1_reserved/tmp/existing_cpu')
mode = 448, parents = False, exist_ok = False

    def mkdir(self, mode=0o777, parents=False, exist_ok=False):
        """
        Create a new directory at this given path.
        """
        try:
>           self._accessor.mkdir(self, mode)
E           FileNotFoundError: [Errno 2] No such file or directory: '/mnt/afs/260010168/EarthDelta/runs/online/v92_execution_20260930T071601Z/code/t1/runs/online/t1_reserved/tmp/existing_cpu'

/usr/lib/python3.10/pathlib.py:1175: FileNotFoundError
_ ERROR at setup of test_post_fs_stages_need_the_certified_fs_on_real_data[bank_train] _

self = PosixPath('/mnt/afs/260010168/EarthDelta/runs/online/v92_execution_20260930T071601Z/code/t1/runs/online/t1_reserved/tmp/existing_cpu')
mode = 448, parents = False, exist_ok = False

    def mkdir(self, mode=0o777, parents=False, exist_ok=False):
        """
        Create a new directory at this given path.
        """
        try:
>           self._accessor.mkdir(self, mode)
E           FileNotFoundError: [Errno 2] No such file or directory: '/mnt/afs/260010168/EarthDelta/runs/online/v92_execution_20260930T071601Z/code/t1/runs/online/t1_reserved/tmp/existing_cpu'

/usr/lib/python3.10/pathlib.py:1175: FileNotFoundError
_ ERROR at setup of test_post_fs_stages_need_the_certified_fs_on_real_data[profile] _

self = PosixPath('/mnt/afs/260010168/EarthDelta/runs/online/v92_execution_20260930T071601Z/code/t1/runs/online/t1_reserved/tmp/existing_cpu')
mode = 448, parents = False, exist_ok = False

    def mkdir(self, mode=0o777, parents=False, exist_ok=False):
        """
        Create a new directory at this given path.
        """
        try:
>           self._accessor.mkdir(self, mode)
E           FileNotFoundError: [Errno 2] No such file or directory: '/mnt/afs/260010168/EarthDelta/runs/online/v92_execution_20260930T071601Z/code/t1/runs/online/t1_reserved/tmp/existing_cpu'

/usr/lib/python3.10/pathlib.py:1175: FileNotFoundError
_ ERROR at setup of test_post_fs_stages_need_the_certified_fs_on_real_data[horizon_check] _

self = PosixPath('/mnt/afs/260010168/EarthDelta/runs/online/v92_execution_20260930T071601Z/code/t1/runs/online/t1_reserved/tmp/existing_cpu')
mode = 448, parents = False, exist_ok = False

    def mkdir(self, mode=0o777, parents=False, exist_ok=False):
        """
        Create a new directory at this given path.
        """
        try:
>           self._accessor.mkdir(self, mode)
E           FileNotFoundError: [Errno 2] No such file or directory: '/mnt/afs/260010168/EarthDelta/runs/online/v92_execution_20260930T071601Z/code/t1/runs/online/t1_reserved/tmp/existing_cpu'

/usr/lib/python3.10/pathlib.py:1175: FileNotFoundError
_ ERROR at setup of test_post_fs_stages_need_the_certified_fs_on_real_data[bank_assemble] _

self = PosixPath('/mnt/afs/260010168/EarthDelta/runs/online/v92_execution_20260930T071601Z/code/t1/runs/online/t1_reserved/tmp/existing_cpu')
mode = 448, parents = False, exist_ok = False

    def mkdir(self, mode=0o777, parents=False, exist_ok=False):
        """
        Create a new directory at this given path.
        """
        try:
>           self._accessor.mkdir(self, mode)
E           FileNotFoundError: [Errno 2] No such file or directory: '/mnt/afs/260010168/EarthDelta/runs/online/v92_execution_20260930T071601Z/code/t1/runs/online/t1_reserved/tmp/existing_cpu'

/usr/lib/python3.10/pathlib.py:1175: FileNotFoundError
_ ERROR at setup of test_post_fs_stages_need_the_certified_fs_on_real_data[bank_verify] _

self = PosixPath('/mnt/afs/260010168/EarthDelta/runs/online/v92_execution_20260930T071601Z/code/t1/runs/online/t1_reserved/tmp/existing_cpu')
mode = 448, parents = False, exist_ok = False

    def mkdir(self, mode=0o777, parents=False, exist_ok=False):
        """
        Create a new directory at this given path.
        """
        try:
>           self._accessor.mkdir(self, mode)
E           FileNotFoundError: [Errno 2] No such file or directory: '/mnt/afs/260010168/EarthDelta/runs/online/v92_execution_20260930T071601Z/code/t1/runs/online/t1_reserved/tmp/existing_cpu'

/usr/lib/python3.10/pathlib.py:1175: FileNotFoundError
____________ ERROR at setup of test_issue_index_and_required_window ____________

self = PosixPath('/mnt/afs/260010168/EarthDelta/runs/online/v92_execution_20260930T071601Z/code/t1/runs/online/t1_reserved/tmp/existing_cpu')
mode = 448, parents = False, exist_ok = False

    def mkdir(self, mode=0o777, parents=False, exist_ok=False):
        """
        Create a new directory at this given path.
        """
        try:
>           self._accessor.mkdir(self, mode)
E           FileNotFoundError: [Errno 2] No such file or directory: '/mnt/afs/260010168/EarthDelta/runs/online/v92_execution_20260930T071601Z/code/t1/runs/online/t1_reserved/tmp/existing_cpu'

/usr/lib/python3.10/pathlib.py:1175: FileNotFoundError
__________ ERROR at setup of test_access_guard_rejects_path_and_index __________

self = PosixPath('/mnt/afs/260010168/EarthDelta/runs/online/v92_execution_20260930T071601Z/code/t1/runs/online/t1_reserved/tmp/existing_cpu')
mode = 448, parents = False, exist_ok = False

    def mkdir(self, mode=0o777, parents=False, exist_ok=False):
        """
        Create a new directory at this given path.
        """
        try:
>           self._accessor.mkdir(self, mode)
E           FileNotFoundError: [Errno 2] No such file or directory: '/mnt/afs/260010168/EarthDelta/runs/online/v92_execution_20260930T071601Z/code/t1/runs/online/t1_reserved/tmp/existing_cpu'

/usr/lib/python3.10/pathlib.py:1175: FileNotFoundError
______ ERROR at setup of test_budget_refuses_overrun_and_records_failures ______

self = PosixPath('/mnt/afs/260010168/EarthDelta/runs/online/v92_execution_20260930T071601Z/code/t1/runs/online/t1_reserved/tmp/existing_cpu')
mode = 448, parents = False, exist_ok = False

    def mkdir(self, mode=0o777, parents=False, exist_ok=False):
        """
        Create a new directory at this given path.
        """
        try:
>           self._accessor.mkdir(self, mode)
E           FileNotFoundError: [Errno 2] No such file or directory: '/mnt/afs/260010168/EarthDelta/runs/online/v92_execution_20260930T071601Z/code/t1/runs/online/t1_reserved/tmp/existing_cpu'

/usr/lib/python3.10/pathlib.py:1175: FileNotFoundError
____________ ERROR at setup of test_shards_and_resume_payload_hash _____________

self = PosixPath('/mnt/afs/260010168/EarthDelta/runs/online/v92_execution_20260930T071601Z/code/t1/runs/online/t1_reserved/tmp/existing_cpu')
mode = 448, parents = False, exist_ok = False

    def mkdir(self, mode=0o777, parents=False, exist_ok=False):
        """
        Create a new directory at this given path.
        """
        try:
>           self._accessor.mkdir(self, mode)
E           FileNotFoundError: [Errno 2] No such file or directory: '/mnt/afs/260010168/EarthDelta/runs/online/v92_execution_20260930T071601Z/code/t1/runs/online/t1_reserved/tmp/existing_cpu'

/usr/lib/python3.10/pathlib.py:1175: FileNotFoundError
____ ERROR at setup of test_diagnostic_protocol_rejects_swapped_input_path _____

self = PosixPath('/mnt/afs/260010168/EarthDelta/runs/online/v92_execution_20260930T071601Z/code/t1/runs/online/t1_reserved/tmp/existing_cpu')
mode = 448, parents = False, exist_ok = False

    def mkdir(self, mode=0o777, parents=False, exist_ok=False):
        """
        Create a new directory at this given path.
        """
        try:
>           self._accessor.mkdir(self, mode)
E           FileNotFoundError: [Errno 2] No such file or directory: '/mnt/afs/260010168/EarthDelta/runs/online/v92_execution_20260930T071601Z/code/t1/runs/online/t1_reserved/tmp/existing_cpu'

/usr/lib/python3.10/pathlib.py:1175: FileNotFoundError
___ ERROR at setup of test_diagnostic_protocol_rejects_changed_frozen_child ____

self = PosixPath('/mnt/afs/260010168/EarthDelta/runs/online/v92_execution_20260930T071601Z/code/t1/runs/online/t1_reserved/tmp/existing_cpu')
mode = 448, parents = False, exist_ok = False

    def mkdir(self, mode=0o777, parents=False, exist_ok=False):
        """
        Create a new directory at this given path.
        """
        try:
>           self._accessor.mkdir(self, mode)
E           FileNotFoundError: [Errno 2] No such file or directory: '/mnt/afs/260010168/EarthDelta/runs/online/v92_execution_20260930T071601Z/code/t1/runs/online/t1_reserved/tmp/existing_cpu'

/usr/lib/python3.10/pathlib.py:1175: FileNotFoundError
_ ERROR at setup of test_release_gate_rejects_absent_and_non_boolean_evidence __

self = PosixPath('/mnt/afs/260010168/EarthDelta/runs/online/v92_execution_20260930T071601Z/code/t1/runs/online/t1_reserved/tmp/existing_cpu')
mode = 448, parents = False, exist_ok = False

    def mkdir(self, mode=0o777, parents=False, exist_ok=False):
        """
        Create a new directory at this given path.
        """
        try:
>           self._accessor.mkdir(self, mode)
E           FileNotFoundError: [Errno 2] No such file or directory: '/mnt/afs/260010168/EarthDelta/runs/online/v92_execution_20260930T071601Z/code/t1/runs/online/t1_reserved/tmp/existing_cpu'

/usr/lib/python3.10/pathlib.py:1175: FileNotFoundError
_ ERROR at setup of test_release_gate_preserves_negative_science_as_successful_execution _

self = PosixPath('/mnt/afs/260010168/EarthDelta/runs/online/v92_execution_20260930T071601Z/code/t1/runs/online/t1_reserved/tmp/existing_cpu')
mode = 448, parents = False, exist_ok = False

    def mkdir(self, mode=0o777, parents=False, exist_ok=False):
        """
        Create a new directory at this given path.
        """
        try:
>           self._accessor.mkdir(self, mode)
E           FileNotFoundError: [Errno 2] No such file or directory: '/mnt/afs/260010168/EarthDelta/runs/online/v92_execution_20260930T071601Z/code/t1/runs/online/t1_reserved/tmp/existing_cpu'

/usr/lib/python3.10/pathlib.py:1175: FileNotFoundError
___________ ERROR at setup of test_positive_fixture_passes_real_gate ___________

self = PosixPath('/mnt/afs/260010168/EarthDelta/runs/online/v92_execution_20260930T071601Z/code/t1/runs/online/t1_reserved/tmp/existing_cpu')
mode = 448, parents = False, exist_ok = False

    def mkdir(self, mode=0o777, parents=False, exist_ok=False):
        """
        Create a new directory at this given path.
        """
        try:
>           self._accessor.mkdir(self, mode)
E           FileNotFoundError: [Errno 2] No such file or directory: '/mnt/afs/260010168/EarthDelta/runs/online/v92_execution_20260930T071601Z/code/t1/runs/online/t1_reserved/tmp/existing_cpu'

/usr/lib/python3.10/pathlib.py:1175: FileNotFoundError
__ ERROR at setup of test_positive_multistep_parity_actually_compared_values ___

self = PosixPath('/mnt/afs/260010168/EarthDelta/runs/online/v92_execution_20260930T071601Z/code/t1/runs/online/t1_reserved/tmp/existing_cpu')
mode = 448, parents = False, exist_ok = False

    def mkdir(self, mode=0o777, parents=False, exist_ok=False):
        """
        Create a new directory at this given path.
        """
        try:
>           self._accessor.mkdir(self, mode)
E           FileNotFoundError: [Errno 2] No such file or directory: '/mnt/afs/260010168/EarthDelta/runs/online/v92_execution_20260930T071601Z/code/t1/runs/online/t1_reserved/tmp/existing_cpu'

/usr/lib/python3.10/pathlib.py:1175: FileNotFoundError
________ ERROR at setup of test_source_root_and_asset_root_are_separate ________

self = PosixPath('/mnt/afs/260010168/EarthDelta/runs/online/v92_execution_20260930T071601Z/code/t1/runs/online/t1_reserved/tmp/existing_cpu')
mode = 448, parents = False, exist_ok = False

    def mkdir(self, mode=0o777, parents=False, exist_ok=False):
        """
        Create a new directory at this given path.
        """
        try:
>           self._accessor.mkdir(self, mode)
E           FileNotFoundError: [Errno 2] No such file or directory: '/mnt/afs/260010168/EarthDelta/runs/online/v92_execution_20260930T071601Z/code/t1/runs/online/t1_reserved/tmp/existing_cpu'

/usr/lib/python3.10/pathlib.py:1175: FileNotFoundError
________ ERROR at setup of test_each_run_gets_a_unique_output_directory ________

self = PosixPath('/mnt/afs/260010168/EarthDelta/runs/online/v92_execution_20260930T071601Z/code/t1/runs/online/t1_reserved/tmp/existing_cpu')
mode = 448, parents = False, exist_ok = False

    def mkdir(self, mode=0o777, parents=False, exist_ok=False):
        """
        Create a new directory at this given path.
        """
        try:
>           self._accessor.mkdir(self, mode)
E           FileNotFoundError: [Errno 2] No such file or directory: '/mnt/afs/260010168/EarthDelta/runs/online/v92_execution_20260930T071601Z/code/t1/runs/online/t1_reserved/tmp/existing_cpu'

/usr/lib/python3.10/pathlib.py:1175: FileNotFoundError
_____________ ERROR at setup of test_negative_wrong_checkpoint_sha _____________

self = PosixPath('/mnt/afs/260010168/EarthDelta/runs/online/v92_execution_20260930T071601Z/code/t1/runs/online/t1_reserved/tmp/existing_cpu')
mode = 448, parents = False, exist_ok = False

    def mkdir(self, mode=0o777, parents=False, exist_ok=False):
        """
        Create a new directory at this given path.
        """
        try:
>           self._accessor.mkdir(self, mode)
E           FileNotFoundError: [Errno 2] No such file or directory: '/mnt/afs/260010168/EarthDelta/runs/online/v92_execution_20260930T071601Z/code/t1/runs/online/t1_reserved/tmp/existing_cpu'

/usr/lib/python3.10/pathlib.py:1175: FileNotFoundError
____________ ERROR at setup of test_negative_missing_checkpoint_sha ____________

self = PosixPath('/mnt/afs/260010168/EarthDelta/runs/online/v92_execution_20260930T071601Z/code/t1/runs/online/t1_reserved/tmp/existing_cpu')
mode = 448, parents = False, exist_ok = False

    def mkdir(self, mode=0o777, parents=False, exist_ok=False):
        """
        Create a new directory at this given path.
        """
        try:
>           self._accessor.mkdir(self, mode)
E           FileNotFoundError: [Errno 2] No such file or directory: '/mnt/afs/260010168/EarthDelta/runs/online/v92_execution_20260930T071601Z/code/t1/runs/online/t1_reserved/tmp/existing_cpu'

/usr/lib/python3.10/pathlib.py:1175: FileNotFoundError
______________ ERROR at setup of test_negative_wrong_norm_digest _______________

self = PosixPath('/mnt/afs/260010168/EarthDelta/runs/online/v92_execution_20260930T071601Z/code/t1/runs/online/t1_reserved/tmp/existing_cpu')
mode = 448, parents = False, exist_ok = False

    def mkdir(self, mode=0o777, parents=False, exist_ok=False):
        """
        Create a new directory at this given path.
        """
        try:
>           self._accessor.mkdir(self, mode)
E           FileNotFoundError: [Errno 2] No such file or directory: '/mnt/afs/260010168/EarthDelta/runs/online/v92_execution_20260930T071601Z/code/t1/runs/online/t1_reserved/tmp/existing_cpu'

/usr/lib/python3.10/pathlib.py:1175: FileNotFoundError
_________ ERROR at setup of test_negative_wrong_norm_policy_in_config __________

self = PosixPath('/mnt/afs/260010168/EarthDelta/runs/online/v92_execution_20260930T071601Z/code/t1/runs/online/t1_reserved/tmp/existing_cpu')
mode = 448, parents = False, exist_ok = False

    def mkdir(self, mode=0o777, parents=False, exist_ok=False):
        """
        Create a new directory at this given path.
        """
        try:
>           self._accessor.mkdir(self, mode)
E           FileNotFoundError: [Errno 2] No such file or directory: '/mnt/afs/260010168/EarthDelta/runs/online/v92_execution_20260930T071601Z/code/t1/runs/online/t1_reserved/tmp/existing_cpu'

/usr/lib/python3.10/pathlib.py:1175: FileNotFoundError
________ ERROR at setup of test_negative_wrong_norm_policy_in_manifest _________

self = PosixPath('/mnt/afs/260010168/EarthDelta/runs/online/v92_execution_20260930T071601Z/code/t1/runs/online/t1_reserved/tmp/existing_cpu')
mode = 448, parents = False, exist_ok = False

    def mkdir(self, mode=0o777, parents=False, exist_ok=False):
        """
        Create a new directory at this given path.
        """
        try:
>           self._accessor.mkdir(self, mode)
E           FileNotFoundError: [Errno 2] No such file or directory: '/mnt/afs/260010168/EarthDelta/runs/online/v92_execution_20260930T071601Z/code/t1/runs/online/t1_reserved/tmp/existing_cpu'

/usr/lib/python3.10/pathlib.py:1175: FileNotFoundError
____________ ERROR at setup of test_negative_wrong_source_identity _____________

self = PosixPath('/mnt/afs/260010168/EarthDelta/runs/online/v92_execution_20260930T071601Z/code/t1/runs/online/t1_reserved/tmp/existing_cpu')
mode = 448, parents = False, exist_ok = False

    def mkdir(self, mode=0o777, parents=False, exist_ok=False):
        """
        Create a new directory at this given path.
        """
        try:
>           self._accessor.mkdir(self, mode)
E           FileNotFoundError: [Errno 2] No such file or directory: '/mnt/afs/260010168/EarthDelta/runs/online/v92_execution_20260930T071601Z/code/t1/runs/online/t1_reserved/tmp/existing_cpu'

/usr/lib/python3.10/pathlib.py:1175: FileNotFoundError
_____________ ERROR at setup of test_negative_wrong_variable_order _____________

self = PosixPath('/mnt/afs/260010168/EarthDelta/runs/online/v92_execution_20260930T071601Z/code/t1/runs/online/t1_reserved/tmp/existing_cpu')
mode = 448, parents = False, exist_ok = False

    def mkdir(self, mode=0o777, parents=False, exist_ok=False):
        """
        Create a new directory at this given path.
        """
        try:
>           self._accessor.mkdir(self, mode)
E           FileNotFoundError: [Errno 2] No such file or directory: '/mnt/afs/260010168/EarthDelta/runs/online/v92_execution_20260930T071601Z/code/t1/runs/online/t1_reserved/tmp/existing_cpu'

/usr/lib/python3.10/pathlib.py:1175: FileNotFoundError
_______ ERROR at setup of test_negative_same_shape_different_coordinates _______

self = PosixPath('/mnt/afs/260010168/EarthDelta/runs/online/v92_execution_20260930T071601Z/code/t1/runs/online/t1_reserved/tmp/existing_cpu')
mode = 448, parents = False, exist_ok = False

    def mkdir(self, mode=0o777, parents=False, exist_ok=False):
        """
        Create a new directory at this given path.
        """
        try:
>           self._accessor.mkdir(self, mode)
E           FileNotFoundError: [Errno 2] No such file or directory: '/mnt/afs/260010168/EarthDelta/runs/online/v92_execution_20260930T071601Z/code/t1/runs/online/t1_reserved/tmp/existing_cpu'

/usr/lib/python3.10/pathlib.py:1175: FileNotFoundError
__ ERROR at setup of test_negative_saved_normalized_input_does_not_match_raw ___

self = PosixPath('/mnt/afs/260010168/EarthDelta/runs/online/v92_execution_20260930T071601Z/code/t1/runs/online/t1_reserved/tmp/existing_cpu')
mode = 448, parents = False, exist_ok = False

    def mkdir(self, mode=0o777, parents=False, exist_ok=False):
        """
        Create a new directory at this given path.
        """
        try:
>           self._accessor.mkdir(self, mode)
E           FileNotFoundError: [Errno 2] No such file or directory: '/mnt/afs/260010168/EarthDelta/runs/online/v92_execution_20260930T071601Z/code/t1/runs/online/t1_reserved/tmp/existing_cpu'

/usr/lib/python3.10/pathlib.py:1175: FileNotFoundError
_ ERROR at setup of test_negative_four_step_output_finite_but_numerically_wrong _

self = PosixPath('/mnt/afs/260010168/EarthDelta/runs/online/v92_execution_20260930T071601Z/code/t1/runs/online/t1_reserved/tmp/existing_cpu')
mode = 448, parents = False, exist_ok = False

    def mkdir(self, mode=0o777, parents=False, exist_ok=False):
        """
        Create a new directory at this given path.
        """
        try:
>           self._accessor.mkdir(self, mode)
E           FileNotFoundError: [Errno 2] No such file or directory: '/mnt/afs/260010168/EarthDelta/runs/online/v92_execution_20260930T071601Z/code/t1/runs/online/t1_reserved/tmp/existing_cpu'

/usr/lib/python3.10/pathlib.py:1175: FileNotFoundError
____________ ERROR at setup of test_negative_missing_multistep_file ____________

self = PosixPath('/mnt/afs/260010168/EarthDelta/runs/online/v92_execution_20260930T071601Z/code/t1/runs/online/t1_reserved/tmp/existing_cpu')
mode = 448, parents = False, exist_ok = False

    def mkdir(self, mode=0o777, parents=False, exist_ok=False):
        """
        Create a new directory at this given path.
        """
        try:
>           self._accessor.mkdir(self, mode)
E           FileNotFoundError: [Errno 2] No such file or directory: '/mnt/afs/260010168/EarthDelta/runs/online/v92_execution_20260930T071601Z/code/t1/runs/online/t1_reserved/tmp/existing_cpu'

/usr/lib/python3.10/pathlib.py:1175: FileNotFoundError
________ ERROR at setup of test_negative_dropped_multistep_registration ________

self = PosixPath('/mnt/afs/260010168/EarthDelta/runs/online/v92_execution_20260930T071601Z/code/t1/runs/online/t1_reserved/tmp/existing_cpu')
mode = 448, parents = False, exist_ok = False

    def mkdir(self, mode=0o777, parents=False, exist_ok=False):
        """
        Create a new directory at this given path.
        """
        try:
>           self._accessor.mkdir(self, mode)
E           FileNotFoundError: [Errno 2] No such file or directory: '/mnt/afs/260010168/EarthDelta/runs/online/v92_execution_20260930T071601Z/code/t1/runs/online/t1_reserved/tmp/existing_cpu'

/usr/lib/python3.10/pathlib.py:1175: FileNotFoundError
____ ERROR at setup of test_negative_empty_rollout_registration_is_rejected ____

self = PosixPath('/mnt/afs/260010168/EarthDelta/runs/online/v92_execution_20260930T071601Z/code/t1/runs/online/t1_reserved/tmp/existing_cpu')
mode = 448, parents = False, exist_ok = False

    def mkdir(self, mode=0o777, parents=False, exist_ok=False):
        """
        Create a new directory at this given path.
        """
        try:
>           self._accessor.mkdir(self, mode)
E           FileNotFoundError: [Errno 2] No such file or directory: '/mnt/afs/260010168/EarthDelta/runs/online/v92_execution_20260930T071601Z/code/t1/runs/online/t1_reserved/tmp/existing_cpu'

/usr/lib/python3.10/pathlib.py:1175: FileNotFoundError
_ ERROR at setup of test_negative_ambiguous_reference_dirs_refuse_auto_selection _

self = PosixPath('/mnt/afs/260010168/EarthDelta/runs/online/v92_execution_20260930T071601Z/code/t1/runs/online/t1_reserved/tmp/existing_cpu')
mode = 448, parents = False, exist_ok = False

    def mkdir(self, mode=0o777, parents=False, exist_ok=False):
        """
        Create a new directory at this given path.
        """
        try:
>           self._accessor.mkdir(self, mode)
E           FileNotFoundError: [Errno 2] No such file or directory: '/mnt/afs/260010168/EarthDelta/runs/online/v92_execution_20260930T071601Z/code/t1/runs/online/t1_reserved/tmp/existing_cpu'

/usr/lib/python3.10/pathlib.py:1175: FileNotFoundError
_____ ERROR at setup of test_negative_legacy_format_reference_fails_closed _____

self = PosixPath('/mnt/afs/260010168/EarthDelta/runs/online/v92_execution_20260930T071601Z/code/t1/runs/online/t1_reserved/tmp/existing_cpu')
mode = 448, parents = False, exist_ok = False

    def mkdir(self, mode=0o777, parents=False, exist_ok=False):
        """
        Create a new directory at this given path.
        """
        try:
>           self._accessor.mkdir(self, mode)
E           FileNotFoundError: [Errno 2] No such file or directory: '/mnt/afs/260010168/EarthDelta/runs/online/v92_execution_20260930T071601Z/code/t1/runs/online/t1_reserved/tmp/existing_cpu'

/usr/lib/python3.10/pathlib.py:1175: FileNotFoundError
____________ ERROR at setup of test_negative_no_config_fails_closed ____________

self = PosixPath('/mnt/afs/260010168/EarthDelta/runs/online/v92_execution_20260930T071601Z/code/t1/runs/online/t1_reserved/tmp/existing_cpu')
mode = 448, parents = False, exist_ok = False

    def mkdir(self, mode=0o777, parents=False, exist_ok=False):
        """
        Create a new directory at this given path.
        """
        try:
>           self._accessor.mkdir(self, mode)
E           FileNotFoundError: [Errno 2] No such file or directory: '/mnt/afs/260010168/EarthDelta/runs/online/v92_execution_20260930T071601Z/code/t1/runs/online/t1_reserved/tmp/existing_cpu'

/usr/lib/python3.10/pathlib.py:1175: FileNotFoundError
_______ ERROR at setup of test_version_identity_is_not_a_self_comparison _______

self = PosixPath('/mnt/afs/260010168/EarthDelta/runs/online/v92_execution_20260930T071601Z/code/t1/runs/online/t1_reserved/tmp/existing_cpu')
mode = 448, parents = False, exist_ok = False

    def mkdir(self, mode=0o777, parents=False, exist_ok=False):
        """
        Create a new directory at this given path.
        """
        try:
>           self._accessor.mkdir(self, mode)
E           FileNotFoundError: [Errno 2] No such file or directory: '/mnt/afs/260010168/EarthDelta/runs/online/v92_execution_20260930T071601Z/code/t1/runs/online/t1_reserved/tmp/existing_cpu'

/usr/lib/python3.10/pathlib.py:1175: FileNotFoundError
_______ ERROR at setup of test_version_identity_accepts_the_real_bridge ________

self = PosixPath('/mnt/afs/260010168/EarthDelta/runs/online/v92_execution_20260930T071601Z/code/t1/runs/online/t1_reserved/tmp/existing_cpu')
mode = 448, parents = False, exist_ok = False

    def mkdir(self, mode=0o777, parents=False, exist_ok=False):
        """
        Create a new directory at this given path.
        """
        try:
>           self._accessor.mkdir(self, mode)
E           FileNotFoundError: [Errno 2] No such file or directory: '/mnt/afs/260010168/EarthDelta/runs/online/v92_execution_20260930T071601Z/code/t1/runs/online/t1_reserved/tmp/existing_cpu'

/usr/lib/python3.10/pathlib.py:1175: FileNotFoundError
_____ ERROR at setup of test_version_identity_fails_closed_without_config ______

self = PosixPath('/mnt/afs/260010168/EarthDelta/runs/online/v92_execution_20260930T071601Z/code/t1/runs/online/t1_reserved/tmp/existing_cpu')
mode = 448, parents = False, exist_ok = False

    def mkdir(self, mode=0o777, parents=False, exist_ok=False):
        """
        Create a new directory at this given path.
        """
        try:
>           self._accessor.mkdir(self, mode)
E           FileNotFoundError: [Errno 2] No such file or directory: '/mnt/afs/260010168/EarthDelta/runs/online/v92_execution_20260930T071601Z/code/t1/runs/online/t1_reserved/tmp/existing_cpu'

/usr/lib/python3.10/pathlib.py:1175: FileNotFoundError
__ ERROR at setup of test_manifest_checkpoint_sha_is_enforced_against_runtime __

self = PosixPath('/mnt/afs/260010168/EarthDelta/runs/online/v92_execution_20260930T071601Z/code/t1/runs/online/t1_reserved/tmp/existing_cpu')
mode = 448, parents = False, exist_ok = False

    def mkdir(self, mode=0o777, parents=False, exist_ok=False):
        """
        Create a new directory at this given path.
        """
        try:
>           self._accessor.mkdir(self, mode)
E           FileNotFoundError: [Errno 2] No such file or directory: '/mnt/afs/260010168/EarthDelta/runs/online/v92_execution_20260930T071601Z/code/t1/runs/online/t1_reserved/tmp/existing_cpu'

/usr/lib/python3.10/pathlib.py:1175: FileNotFoundError
_ ERROR at setup of test_manifest_identity_reports_both_config_and_runtime_sides _

self = PosixPath('/mnt/afs/260010168/EarthDelta/runs/online/v92_execution_20260930T071601Z/code/t1/runs/online/t1_reserved/tmp/existing_cpu')
mode = 448, parents = False, exist_ok = False

    def mkdir(self, mode=0o777, parents=False, exist_ok=False):
        """
        Create a new directory at this given path.
        """
        try:
>           self._accessor.mkdir(self, mode)
E           FileNotFoundError: [Errno 2] No such file or directory: '/mnt/afs/260010168/EarthDelta/runs/online/v92_execution_20260930T071601Z/code/t1/runs/online/t1_reserved/tmp/existing_cpu'

/usr/lib/python3.10/pathlib.py:1175: FileNotFoundError
______ ERROR at setup of test_selection_refuses_legacy_fallback_directory ______

self = PosixPath('/mnt/afs/260010168/EarthDelta/runs/online/v92_execution_20260930T071601Z/code/t1/runs/online/t1_reserved/tmp/existing_cpu')
mode = 448, parents = False, exist_ok = False

    def mkdir(self, mode=0o777, parents=False, exist_ok=False):
        """
        Create a new directory at this given path.
        """
        try:
>           self._accessor.mkdir(self, mode)
E           FileNotFoundError: [Errno 2] No such file or directory: '/mnt/afs/260010168/EarthDelta/runs/online/v92_execution_20260930T071601Z/code/t1/runs/online/t1_reserved/tmp/existing_cpu'

/usr/lib/python3.10/pathlib.py:1175: FileNotFoundError
________ ERROR at setup of test_selection_is_not_decided_by_sort_order _________

self = PosixPath('/mnt/afs/260010168/EarthDelta/runs/online/v92_execution_20260930T071601Z/code/t1/runs/online/t1_reserved/tmp/existing_cpu')
mode = 448, parents = False, exist_ok = False

    def mkdir(self, mode=0o777, parents=False, exist_ok=False):
        """
        Create a new directory at this given path.
        """
        try:
>           self._accessor.mkdir(self, mode)
E           FileNotFoundError: [Errno 2] No such file or directory: '/mnt/afs/260010168/EarthDelta/runs/online/v92_execution_20260930T071601Z/code/t1/runs/online/t1_reserved/tmp/existing_cpu'

/usr/lib/python3.10/pathlib.py:1175: FileNotFoundError
___ ERROR at setup of test_pass_marker_is_published_last_and_only_on_success ___

self = PosixPath('/mnt/afs/260010168/EarthDelta/runs/online/v92_execution_20260930T071601Z/code/t1/runs/online/t1_reserved/tmp/existing_cpu')
mode = 448, parents = False, exist_ok = False

    def mkdir(self, mode=0o777, parents=False, exist_ok=False):
        """
        Create a new directory at this given path.
        """
        try:
>           self._accessor.mkdir(self, mode)
E           FileNotFoundError: [Errno 2] No such file or directory: '/mnt/afs/260010168/EarthDelta/runs/online/v92_execution_20260930T071601Z/code/t1/runs/online/t1_reserved/tmp/existing_cpu'

/usr/lib/python3.10/pathlib.py:1175: FileNotFoundError
_______ ERROR at setup of test_publish_refuses_to_reuse_a_run_directory ________

self = PosixPath('/mnt/afs/260010168/EarthDelta/runs/online/v92_execution_20260930T071601Z/code/t1/runs/online/t1_reserved/tmp/existing_cpu')
mode = 448, parents = False, exist_ok = False

    def mkdir(self, mode=0o777, parents=False, exist_ok=False):
        """
        Create a new directory at this given path.
        """
        try:
>           self._accessor.mkdir(self, mode)
E           FileNotFoundError: [Errno 2] No such file or directory: '/mnt/afs/260010168/EarthDelta/runs/online/v92_execution_20260930T071601Z/code/t1/runs/online/t1_reserved/tmp/existing_cpu'

/usr/lib/python3.10/pathlib.py:1175: FileNotFoundError
_ ERROR at setup of test_bridge_and_exporter_digests_agree_on_the_fixture_npz __

self = PosixPath('/mnt/afs/260010168/EarthDelta/runs/online/v92_execution_20260930T071601Z/code/t1/runs/online/t1_reserved/tmp/existing_cpu')
mode = 448, parents = False, exist_ok = False

    def mkdir(self, mode=0o777, parents=False, exist_ok=False):
        """
        Create a new directory at this given path.
        """
        try:
>           self._accessor.mkdir(self, mode)
E           FileNotFoundError: [Errno 2] No such file or directory: '/mnt/afs/260010168/EarthDelta/runs/online/v92_execution_20260930T071601Z/code/t1/runs/online/t1_reserved/tmp/existing_cpu'

/usr/lib/python3.10/pathlib.py:1175: FileNotFoundError
_ ERROR at setup of test_bridge_and_exporter_agree_across_interval_sets[intervals0] _

self = PosixPath('/mnt/afs/260010168/EarthDelta/runs/online/v92_execution_20260930T071601Z/code/t1/runs/online/t1_reserved/tmp/existing_cpu')
mode = 448, parents = False, exist_ok = False

    def mkdir(self, mode=0o777, parents=False, exist_ok=False):
        """
        Create a new directory at this given path.
        """
        try:
>           self._accessor.mkdir(self, mode)
E           FileNotFoundError: [Errno 2] No such file or directory: '/mnt/afs/260010168/EarthDelta/runs/online/v92_execution_20260930T071601Z/code/t1/runs/online/t1_reserved/tmp/existing_cpu'

/usr/lib/python3.10/pathlib.py:1175: FileNotFoundError
_ ERROR at setup of test_bridge_and_exporter_agree_across_interval_sets[intervals1] _

self = PosixPath('/mnt/afs/260010168/EarthDelta/runs/online/v92_execution_20260930T071601Z/code/t1/runs/online/t1_reserved/tmp/existing_cpu')
mode = 448, parents = False, exist_ok = False

    def mkdir(self, mode=0o777, parents=False, exist_ok=False):
        """
        Create a new directory at this given path.
        """
        try:
>           self._accessor.mkdir(self, mode)
E           FileNotFoundError: [Errno 2] No such file or directory: '/mnt/afs/260010168/EarthDelta/runs/online/v92_execution_20260930T071601Z/code/t1/runs/online/t1_reserved/tmp/existing_cpu'

/usr/lib/python3.10/pathlib.py:1175: FileNotFoundError
___ ERROR at setup of test_npz_content_hash_is_distinct_from_identity_digest ___

self = PosixPath('/mnt/afs/260010168/EarthDelta/runs/online/v92_execution_20260930T071601Z/code/t1/runs/online/t1_reserved/tmp/existing_cpu')
mode = 448, parents = False, exist_ok = False

    def mkdir(self, mode=0o777, parents=False, exist_ok=False):
        """
        Create a new directory at this given path.
        """
        try:
>           self._accessor.mkdir(self, mode)
E           FileNotFoundError: [Errno 2] No such file or directory: '/mnt/afs/260010168/EarthDelta/runs/online/v92_execution_20260930T071601Z/code/t1/runs/online/t1_reserved/tmp/existing_cpu'

/usr/lib/python3.10/pathlib.py:1175: FileNotFoundError
_ ERROR at setup of test_npz_content_change_without_effective_change_is_reported_separately _

self = PosixPath('/mnt/afs/260010168/EarthDelta/runs/online/v92_execution_20260930T071601Z/code/t1/runs/online/t1_reserved/tmp/existing_cpu')
mode = 448, parents = False, exist_ok = False

    def mkdir(self, mode=0o777, parents=False, exist_ok=False):
        """
        Create a new directory at this given path.
        """
        try:
>           self._accessor.mkdir(self, mode)
E           FileNotFoundError: [Errno 2] No such file or directory: '/mnt/afs/260010168/EarthDelta/runs/online/v92_execution_20260930T071601Z/code/t1/runs/online/t1_reserved/tmp/existing_cpu'

/usr/lib/python3.10/pathlib.py:1175: FileNotFoundError
____ ERROR at setup of test_a_passing_run_records_its_verdict_as_committed _____

self = PosixPath('/mnt/afs/260010168/EarthDelta/runs/online/v92_execution_20260930T071601Z/code/t1/runs/online/t1_reserved/tmp/existing_cpu')
mode = 448, parents = False, exist_ok = False

    def mkdir(self, mode=0o777, parents=False, exist_ok=False):
        """
        Create a new directory at this given path.
        """
        try:
>           self._accessor.mkdir(self, mode)
E           FileNotFoundError: [Errno 2] No such file or directory: '/mnt/afs/260010168/EarthDelta/runs/online/v92_execution_20260930T071601Z/code/t1/runs/online/t1_reserved/tmp/existing_cpu'

/usr/lib/python3.10/pathlib.py:1175: FileNotFoundError
______ ERROR at setup of test_a_late_exception_revokes_a_provisional_pass ______

self = PosixPath('/mnt/afs/260010168/EarthDelta/runs/online/v92_execution_20260930T071601Z/code/t1/runs/online/t1_reserved/tmp/existing_cpu')
mode = 448, parents = False, exist_ok = False

    def mkdir(self, mode=0o777, parents=False, exist_ok=False):
        """
        Create a new directory at this given path.
        """
        try:
>           self._accessor.mkdir(self, mode)
E           FileNotFoundError: [Errno 2] No such file or directory: '/mnt/afs/260010168/EarthDelta/runs/online/v92_execution_20260930T071601Z/code/t1/runs/online/t1_reserved/tmp/existing_cpu'

/usr/lib/python3.10/pathlib.py:1175: FileNotFoundError
__ ERROR at setup of test_the_commit_check_rejects_a_criterion_that_never_ran __

self = PosixPath('/mnt/afs/260010168/EarthDelta/runs/online/v92_execution_20260930T071601Z/code/t1/runs/online/t1_reserved/tmp/existing_cpu')
mode = 448, parents = False, exist_ok = False

    def mkdir(self, mode=0o777, parents=False, exist_ok=False):
        """
        Create a new directory at this given path.
        """
        try:
>           self._accessor.mkdir(self, mode)
E           FileNotFoundError: [Errno 2] No such file or directory: '/mnt/afs/260010168/EarthDelta/runs/online/v92_execution_20260930T071601Z/code/t1/runs/online/t1_reserved/tmp/existing_cpu'

/usr/lib/python3.10/pathlib.py:1175: FileNotFoundError
_ ERROR at setup of test_the_commit_check_is_not_reached_when_a_criterion_failed _

self = PosixPath('/mnt/afs/260010168/EarthDelta/runs/online/v92_execution_20260930T071601Z/code/t1/runs/online/t1_reserved/tmp/existing_cpu')
mode = 448, parents = False, exist_ok = False

    def mkdir(self, mode=0o777, parents=False, exist_ok=False):
        """
        Create a new directory at this given path.
        """
        try:
>           self._accessor.mkdir(self, mode)
E           FileNotFoundError: [Errno 2] No such file or directory: '/mnt/afs/260010168/EarthDelta/runs/online/v92_execution_20260930T071601Z/code/t1/runs/online/t1_reserved/tmp/existing_cpu'

/usr/lib/python3.10/pathlib.py:1175: FileNotFoundError
_ ERROR at setup of test_cleanup_failure_does_not_destroy_an_already_computed_result _

self = PosixPath('/mnt/afs/260010168/EarthDelta/runs/online/v92_execution_20260930T071601Z/code/t1/runs/online/t1_reserved/tmp/existing_cpu')
mode = 448, parents = False, exist_ok = False

    def mkdir(self, mode=0o777, parents=False, exist_ok=False):
        """
        Create a new directory at this given path.
        """
        try:
>           self._accessor.mkdir(self, mode)
E           FileNotFoundError: [Errno 2] No such file or directory: '/mnt/afs/260010168/EarthDelta/runs/online/v92_execution_20260930T071601Z/code/t1/runs/online/t1_reserved/tmp/existing_cpu'

/usr/lib/python3.10/pathlib.py:1175: FileNotFoundError
_ ERROR at setup of test_cleanup_failure_is_reported_in_the_markdown_on_its_own_axis _

self = PosixPath('/mnt/afs/260010168/EarthDelta/runs/online/v92_execution_20260930T071601Z/code/t1/runs/online/t1_reserved/tmp/existing_cpu')
mode = 448, parents = False, exist_ok = False

    def mkdir(self, mode=0o777, parents=False, exist_ok=False):
        """
        Create a new directory at this given path.
        """
        try:
>           self._accessor.mkdir(self, mode)
E           FileNotFoundError: [Errno 2] No such file or directory: '/mnt/afs/260010168/EarthDelta/runs/online/v92_execution_20260930T071601Z/code/t1/runs/online/t1_reserved/tmp/existing_cpu'

/usr/lib/python3.10/pathlib.py:1175: FileNotFoundError
_ ERROR at setup of test_every_cleanup_step_runs_even_when_an_earlier_one_fails _

self = PosixPath('/mnt/afs/260010168/EarthDelta/runs/online/v92_execution_20260930T071601Z/code/t1/runs/online/t1_reserved/tmp/existing_cpu')
mode = 448, parents = False, exist_ok = False

    def mkdir(self, mode=0o777, parents=False, exist_ok=False):
        """
        Create a new directory at this given path.
        """
        try:
>           self._accessor.mkdir(self, mode)
E           FileNotFoundError: [Errno 2] No such file or directory: '/mnt/afs/260010168/EarthDelta/runs/online/v92_execution_20260930T071601Z/code/t1/runs/online/t1_reserved/tmp/existing_cpu'

/usr/lib/python3.10/pathlib.py:1175: FileNotFoundError
________ ERROR at setup of test_a_clean_run_records_no_cleanup_warnings ________

self = PosixPath('/mnt/afs/260010168/EarthDelta/runs/online/v92_execution_20260930T071601Z/code/t1/runs/online/t1_reserved/tmp/existing_cpu')
mode = 448, parents = False, exist_ok = False

    def mkdir(self, mode=0o777, parents=False, exist_ok=False):
        """
        Create a new directory at this given path.
        """
        try:
>           self._accessor.mkdir(self, mode)
E           FileNotFoundError: [Errno 2] No such file or directory: '/mnt/afs/260010168/EarthDelta/runs/online/v92_execution_20260930T071601Z/code/t1/runs/online/t1_reserved/tmp/existing_cpu'

/usr/lib/python3.10/pathlib.py:1175: FileNotFoundError
_ ERROR at setup of test_report_generation_failure_still_publishes_the_computed_result _

self = PosixPath('/mnt/afs/260010168/EarthDelta/runs/online/v92_execution_20260930T071601Z/code/t1/runs/online/t1_reserved/tmp/existing_cpu')
mode = 448, parents = False, exist_ok = False

    def mkdir(self, mode=0o777, parents=False, exist_ok=False):
        """
        Create a new directory at this given path.
        """
        try:
>           self._accessor.mkdir(self, mode)
E           FileNotFoundError: [Errno 2] No such file or directory: '/mnt/afs/260010168/EarthDelta/runs/online/v92_execution_20260930T071601Z/code/t1/runs/online/t1_reserved/tmp/existing_cpu'

/usr/lib/python3.10/pathlib.py:1175: FileNotFoundError
_ ERROR at setup of test_report_generation_failure_on_a_failing_run_still_publishes _

self = PosixPath('/mnt/afs/260010168/EarthDelta/runs/online/v92_execution_20260930T071601Z/code/t1/runs/online/t1_reserved/tmp/existing_cpu')
mode = 448, parents = False, exist_ok = False

    def mkdir(self, mode=0o777, parents=False, exist_ok=False):
        """
        Create a new directory at this given path.
        """
        try:
>           self._accessor.mkdir(self, mode)
E           FileNotFoundError: [Errno 2] No such file or directory: '/mnt/afs/260010168/EarthDelta/runs/online/v92_execution_20260930T071601Z/code/t1/runs/online/t1_reserved/tmp/existing_cpu'

/usr/lib/python3.10/pathlib.py:1175: FileNotFoundError
______ ERROR at setup of test_a_successful_report_records_no_report_error ______

self = PosixPath('/mnt/afs/260010168/EarthDelta/runs/online/v92_execution_20260930T071601Z/code/t1/runs/online/t1_reserved/tmp/existing_cpu')
mode = 448, parents = False, exist_ok = False

    def mkdir(self, mode=0o777, parents=False, exist_ok=False):
        """
        Create a new directory at this given path.
        """
        try:
>           self._accessor.mkdir(self, mode)
E           FileNotFoundError: [Errno 2] No such file or directory: '/mnt/afs/260010168/EarthDelta/runs/online/v92_execution_20260930T071601Z/code/t1/runs/online/t1_reserved/tmp/existing_cpu'

/usr/lib/python3.10/pathlib.py:1175: FileNotFoundError
_ ERROR at setup of test_report_survives_a_missing_or_nonfinite_numeric_field[None-N/A (missing)] _

self = PosixPath('/mnt/afs/260010168/EarthDelta/runs/online/v92_execution_20260930T071601Z/code/t1/runs/online/t1_reserved/tmp/existing_cpu')
mode = 448, parents = False, exist_ok = False

    def mkdir(self, mode=0o777, parents=False, exist_ok=False):
        """
        Create a new directory at this given path.
        """
        try:
>           self._accessor.mkdir(self, mode)
E           FileNotFoundError: [Errno 2] No such file or directory: '/mnt/afs/260010168/EarthDelta/runs/online/v92_execution_20260930T071601Z/code/t1/runs/online/t1_reserved/tmp/existing_cpu'

/usr/lib/python3.10/pathlib.py:1175: FileNotFoundError
_ ERROR at setup of test_report_survives_a_missing_or_nonfinite_numeric_field[nan-N/A (nan)] _

self = PosixPath('/mnt/afs/260010168/EarthDelta/runs/online/v92_execution_20260930T071601Z/code/t1/runs/online/t1_reserved/tmp/existing_cpu')
mode = 448, parents = False, exist_ok = False

    def mkdir(self, mode=0o777, parents=False, exist_ok=False):
        """
        Create a new directory at this given path.
        """
        try:
>           self._accessor.mkdir(self, mode)
E           FileNotFoundError: [Errno 2] No such file or directory: '/mnt/afs/260010168/EarthDelta/runs/online/v92_execution_20260930T071601Z/code/t1/runs/online/t1_reserved/tmp/existing_cpu'

/usr/lib/python3.10/pathlib.py:1175: FileNotFoundError
_ ERROR at setup of test_report_survives_a_missing_or_nonfinite_numeric_field[inf-N/A (+inf)] _

self = PosixPath('/mnt/afs/260010168/EarthDelta/runs/online/v92_execution_20260930T071601Z/code/t1/runs/online/t1_reserved/tmp/existing_cpu')
mode = 448, parents = False, exist_ok = False

    def mkdir(self, mode=0o777, parents=False, exist_ok=False):
        """
        Create a new directory at this given path.
        """
        try:
>           self._accessor.mkdir(self, mode)
E           FileNotFoundError: [Errno 2] No such file or directory: '/mnt/afs/260010168/EarthDelta/runs/online/v92_execution_20260930T071601Z/code/t1/runs/online/t1_reserved/tmp/existing_cpu'

/usr/lib/python3.10/pathlib.py:1175: FileNotFoundError
_ ERROR at setup of test_report_survives_a_missing_or_nonfinite_numeric_field[-inf-N/A (-inf)] _

self = PosixPath('/mnt/afs/260010168/EarthDelta/runs/online/v92_execution_20260930T071601Z/code/t1/runs/online/t1_reserved/tmp/existing_cpu')
mode = 448, parents = False, exist_ok = False

    def mkdir(self, mode=0o777, parents=False, exist_ok=False):
        """
        Create a new directory at this given path.
        """
        try:
>           self._accessor.mkdir(self, mode)
E           FileNotFoundError: [Errno 2] No such file or directory: '/mnt/afs/260010168/EarthDelta/runs/online/v92_execution_20260930T071601Z/code/t1/runs/online/t1_reserved/tmp/existing_cpu'

/usr/lib/python3.10/pathlib.py:1175: FileNotFoundError
_ ERROR at setup of test_report_survives_a_missing_or_nonfinite_numeric_field[1e-5-N/A (non-numeric: str)] _

self = PosixPath('/mnt/afs/260010168/EarthDelta/runs/online/v92_execution_20260930T071601Z/code/t1/runs/online/t1_reserved/tmp/existing_cpu')
mode = 448, parents = False, exist_ok = False

    def mkdir(self, mode=0o777, parents=False, exist_ok=False):
        """
        Create a new directory at this given path.
        """
        try:
>           self._accessor.mkdir(self, mode)
E           FileNotFoundError: [Errno 2] No such file or directory: '/mnt/afs/260010168/EarthDelta/runs/online/v92_execution_20260930T071601Z/code/t1/runs/online/t1_reserved/tmp/existing_cpu'

/usr/lib/python3.10/pathlib.py:1175: FileNotFoundError
_ ERROR at setup of test_report_survives_a_missing_or_nonfinite_numeric_field[bad_value5-N/A (non-numeric: dict)] _

self = PosixPath('/mnt/afs/260010168/EarthDelta/runs/online/v92_execution_20260930T071601Z/code/t1/runs/online/t1_reserved/tmp/existing_cpu')
mode = 448, parents = False, exist_ok = False

    def mkdir(self, mode=0o777, parents=False, exist_ok=False):
        """
        Create a new directory at this given path.
        """
        try:
>           self._accessor.mkdir(self, mode)
E           FileNotFoundError: [Errno 2] No such file or directory: '/mnt/afs/260010168/EarthDelta/runs/online/v92_execution_20260930T071601Z/code/t1/runs/online/t1_reserved/tmp/existing_cpu'

/usr/lib/python3.10/pathlib.py:1175: FileNotFoundError
_ ERROR at setup of test_report_still_renders_the_finite_fields_around_a_bad_one _

self = PosixPath('/mnt/afs/260010168/EarthDelta/runs/online/v92_execution_20260930T071601Z/code/t1/runs/online/t1_reserved/tmp/existing_cpu')
mode = 448, parents = False, exist_ok = False

    def mkdir(self, mode=0o777, parents=False, exist_ok=False):
        """
        Create a new directory at this given path.
        """
        try:
>           self._accessor.mkdir(self, mode)
E           FileNotFoundError: [Errno 2] No such file or directory: '/mnt/afs/260010168/EarthDelta/runs/online/v92_execution_20260930T071601Z/code/t1/runs/online/t1_reserved/tmp/existing_cpu'

/usr/lib/python3.10/pathlib.py:1175: FileNotFoundError
____ ERROR at setup of test_report_formats_a_present_finite_value_unchanged ____

self = PosixPath('/mnt/afs/260010168/EarthDelta/runs/online/v92_execution_20260930T071601Z/code/t1/runs/online/t1_reserved/tmp/existing_cpu')
mode = 448, parents = False, exist_ok = False

    def mkdir(self, mode=0o777, parents=False, exist_ok=False):
        """
        Create a new directory at this given path.
        """
        try:
>           self._accessor.mkdir(self, mode)
E           FileNotFoundError: [Errno 2] No such file or directory: '/mnt/afs/260010168/EarthDelta/runs/online/v92_execution_20260930T071601Z/code/t1/runs/online/t1_reserved/tmp/existing_cpu'

/usr/lib/python3.10/pathlib.py:1175: FileNotFoundError
________ ERROR at setup of test_zero_edit_max_diff_is_formatted_safely _________

self = PosixPath('/mnt/afs/260010168/EarthDelta/runs/online/v92_execution_20260930T071601Z/code/t1/runs/online/t1_reserved/tmp/existing_cpu')
mode = 448, parents = False, exist_ok = False

    def mkdir(self, mode=0o777, parents=False, exist_ok=False):
        """
        Create a new directory at this given path.
        """
        try:
>           self._accessor.mkdir(self, mode)
E           FileNotFoundError: [Errno 2] No such file or directory: '/mnt/afs/260010168/EarthDelta/runs/online/v92_execution_20260930T071601Z/code/t1/runs/online/t1_reserved/tmp/existing_cpu'

/usr/lib/python3.10/pathlib.py:1175: FileNotFoundError
_________ ERROR at setup of test_rmse_table_formats_only_finite_values _________

self = PosixPath('/mnt/afs/260010168/EarthDelta/runs/online/v92_execution_20260930T071601Z/code/t1/runs/online/t1_reserved/tmp/existing_cpu')
mode = 448, parents = False, exist_ok = False

    def mkdir(self, mode=0o777, parents=False, exist_ok=False):
        """
        Create a new directory at this given path.
        """
        try:
>           self._accessor.mkdir(self, mode)
E           FileNotFoundError: [Errno 2] No such file or directory: '/mnt/afs/260010168/EarthDelta/runs/online/v92_execution_20260930T071601Z/code/t1/runs/online/t1_reserved/tmp/existing_cpu'

/usr/lib/python3.10/pathlib.py:1175: FileNotFoundError
_________ ERROR at setup of test_gate_rejects_wrong_checkpoint_sha256 __________

self = PosixPath('/mnt/afs/260010168/EarthDelta/runs/online/v92_execution_20260930T071601Z/code/t1/runs/online/t1_reserved/tmp/existing_cpu')
mode = 448, parents = False, exist_ok = False

    def mkdir(self, mode=0o777, parents=False, exist_ok=False):
        """
        Create a new directory at this given path.
        """
        try:
>           self._accessor.mkdir(self, mode)
E           FileNotFoundError: [Errno 2] No such file or directory: '/mnt/afs/260010168/EarthDelta/runs/online/v92_execution_20260930T071601Z/code/t1/runs/online/t1_reserved/tmp/existing_cpu'

/usr/lib/python3.10/pathlib.py:1175: FileNotFoundError
________ ERROR at setup of test_gate_accepts_correct_checkpoint_sha256 _________

self = PosixPath('/mnt/afs/260010168/EarthDelta/runs/online/v92_execution_20260930T071601Z/code/t1/runs/online/t1_reserved/tmp/existing_cpu')
mode = 448, parents = False, exist_ok = False

    def mkdir(self, mode=0o777, parents=False, exist_ok=False):
        """
        Create a new directory at this given path.
        """
        try:
>           self._accessor.mkdir(self, mode)
E           FileNotFoundError: [Errno 2] No such file or directory: '/mnt/afs/260010168/EarthDelta/runs/online/v92_execution_20260930T071601Z/code/t1/runs/online/t1_reserved/tmp/existing_cpu'

/usr/lib/python3.10/pathlib.py:1175: FileNotFoundError
________ ERROR at setup of test_gate_rejects_wrong_normalization_digest ________

self = PosixPath('/mnt/afs/260010168/EarthDelta/runs/online/v92_execution_20260930T071601Z/code/t1/runs/online/t1_reserved/tmp/existing_cpu')
mode = 448, parents = False, exist_ok = False

    def mkdir(self, mode=0o777, parents=False, exist_ok=False):
        """
        Create a new directory at this given path.
        """
        try:
>           self._accessor.mkdir(self, mode)
E           FileNotFoundError: [Errno 2] No such file or directory: '/mnt/afs/260010168/EarthDelta/runs/online/v92_execution_20260930T071601Z/code/t1/runs/online/t1_reserved/tmp/existing_cpu'

/usr/lib/python3.10/pathlib.py:1175: FileNotFoundError
_______ ERROR at setup of test_gate_accepts_correct_normalization_digest _______

self = PosixPath('/mnt/afs/260010168/EarthDelta/runs/online/v92_execution_20260930T071601Z/code/t1/runs/online/t1_reserved/tmp/existing_cpu')
mode = 448, parents = False, exist_ok = False

    def mkdir(self, mode=0o777, parents=False, exist_ok=False):
        """
        Create a new directory at this given path.
        """
        try:
>           self._accessor.mkdir(self, mode)
E           FileNotFoundError: [Errno 2] No such file or directory: '/mnt/afs/260010168/EarthDelta/runs/online/v92_execution_20260930T071601Z/code/t1/runs/online/t1_reserved/tmp/existing_cpu'

/usr/lib/python3.10/pathlib.py:1175: FileNotFoundError
_ ERROR at setup of test_gate_rejects_legacy_unversioned_digest_even_when_hex_matches _

self = PosixPath('/mnt/afs/260010168/EarthDelta/runs/online/v92_execution_20260930T071601Z/code/t1/runs/online/t1_reserved/tmp/existing_cpu')
mode = 448, parents = False, exist_ok = False

    def mkdir(self, mode=0o777, parents=False, exist_ok=False):
        """
        Create a new directory at this given path.
        """
        try:
>           self._accessor.mkdir(self, mode)
E           FileNotFoundError: [Errno 2] No such file or directory: '/mnt/afs/260010168/EarthDelta/runs/online/v92_execution_20260930T071601Z/code/t1/runs/online/t1_reserved/tmp/existing_cpu'

/usr/lib/python3.10/pathlib.py:1175: FileNotFoundError
_____________ ERROR at setup of test_gate_rejects_wrong_raw_input ______________

self = PosixPath('/mnt/afs/260010168/EarthDelta/runs/online/v92_execution_20260930T071601Z/code/t1/runs/online/t1_reserved/tmp/existing_cpu')
mode = 448, parents = False, exist_ok = False

    def mkdir(self, mode=0o777, parents=False, exist_ok=False):
        """
        Create a new directory at this given path.
        """
        try:
>           self._accessor.mkdir(self, mode)
E           FileNotFoundError: [Errno 2] No such file or directory: '/mnt/afs/260010168/EarthDelta/runs/online/v92_execution_20260930T071601Z/code/t1/runs/online/t1_reserved/tmp/existing_cpu'

/usr/lib/python3.10/pathlib.py:1175: FileNotFoundError
____________ ERROR at setup of test_gate_accepts_matching_raw_input ____________

self = PosixPath('/mnt/afs/260010168/EarthDelta/runs/online/v92_execution_20260930T071601Z/code/t1/runs/online/t1_reserved/tmp/existing_cpu')
mode = 448, parents = False, exist_ok = False

    def mkdir(self, mode=0o777, parents=False, exist_ok=False):
        """
        Create a new directory at this given path.
        """
        try:
>           self._accessor.mkdir(self, mode)
E           FileNotFoundError: [Errno 2] No such file or directory: '/mnt/afs/260010168/EarthDelta/runs/online/v92_execution_20260930T071601Z/code/t1/runs/online/t1_reserved/tmp/existing_cpu'

/usr/lib/python3.10/pathlib.py:1175: FileNotFoundError
_________ ERROR at setup of test_gate_rejects_missing_1step_reference __________

self = PosixPath('/mnt/afs/260010168/EarthDelta/runs/online/v92_execution_20260930T071601Z/code/t1/runs/online/t1_reserved/tmp/existing_cpu')
mode = 448, parents = False, exist_ok = False

    def mkdir(self, mode=0o777, parents=False, exist_ok=False):
        """
        Create a new directory at this given path.
        """
        try:
>           self._accessor.mkdir(self, mode)
E           FileNotFoundError: [Errno 2] No such file or directory: '/mnt/afs/260010168/EarthDelta/runs/online/v92_execution_20260930T071601Z/code/t1/runs/online/t1_reserved/tmp/existing_cpu'

/usr/lib/python3.10/pathlib.py:1175: FileNotFoundError
_________ ERROR at setup of test_gate_rejects_missing_4step_reference __________

self = PosixPath('/mnt/afs/260010168/EarthDelta/runs/online/v92_execution_20260930T071601Z/code/t1/runs/online/t1_reserved/tmp/existing_cpu')
mode = 448, parents = False, exist_ok = False

    def mkdir(self, mode=0o777, parents=False, exist_ok=False):
        """
        Create a new directory at this given path.
        """
        try:
>           self._accessor.mkdir(self, mode)
E           FileNotFoundError: [Errno 2] No such file or directory: '/mnt/afs/260010168/EarthDelta/runs/online/v92_execution_20260930T071601Z/code/t1/runs/online/t1_reserved/tmp/existing_cpu'

/usr/lib/python3.10/pathlib.py:1175: FileNotFoundError
__________ ERROR at setup of test_gate_accepts_all_multistep_present ___________

self = PosixPath('/mnt/afs/260010168/EarthDelta/runs/online/v92_execution_20260930T071601Z/code/t1/runs/online/t1_reserved/tmp/existing_cpu')
mode = 448, parents = False, exist_ok = False

    def mkdir(self, mode=0o777, parents=False, exist_ok=False):
        """
        Create a new directory at this given path.
        """
        try:
>           self._accessor.mkdir(self, mode)
E           FileNotFoundError: [Errno 2] No such file or directory: '/mnt/afs/260010168/EarthDelta/runs/online/v92_execution_20260930T071601Z/code/t1/runs/online/t1_reserved/tmp/existing_cpu'

/usr/lib/python3.10/pathlib.py:1175: FileNotFoundError
__________ ERROR at setup of test_gate_rejects_wrong_shape_multistep ___________

self = PosixPath('/mnt/afs/260010168/EarthDelta/runs/online/v92_execution_20260930T071601Z/code/t1/runs/online/t1_reserved/tmp/existing_cpu')
mode = 448, parents = False, exist_ok = False

    def mkdir(self, mode=0o777, parents=False, exist_ok=False):
        """
        Create a new directory at this given path.
        """
        try:
>           self._accessor.mkdir(self, mode)
E           FileNotFoundError: [Errno 2] No such file or directory: '/mnt/afs/260010168/EarthDelta/runs/online/v92_execution_20260930T071601Z/code/t1/runs/online/t1_reserved/tmp/existing_cpu'

/usr/lib/python3.10/pathlib.py:1175: FileNotFoundError
___________ ERROR at setup of test_gate_rejects_nonfinite_multistep ____________

self = PosixPath('/mnt/afs/260010168/EarthDelta/runs/online/v92_execution_20260930T071601Z/code/t1/runs/online/t1_reserved/tmp/existing_cpu')
mode = 448, parents = False, exist_ok = False

    def mkdir(self, mode=0o777, parents=False, exist_ok=False):
        """
        Create a new directory at this given path.
        """
        try:
>           self._accessor.mkdir(self, mode)
E           FileNotFoundError: [Errno 2] No such file or directory: '/mnt/afs/260010168/EarthDelta/runs/online/v92_execution_20260930T071601Z/code/t1/runs/online/t1_reserved/tmp/existing_cpu'

/usr/lib/python3.10/pathlib.py:1175: FileNotFoundError
________ ERROR at setup of test_gate_handles_missing_upstream_reference ________

self = PosixPath('/mnt/afs/260010168/EarthDelta/runs/online/v92_execution_20260930T071601Z/code/t1/runs/online/t1_reserved/tmp/existing_cpu')
mode = 448, parents = False, exist_ok = False

    def mkdir(self, mode=0o777, parents=False, exist_ok=False):
        """
        Create a new directory at this given path.
        """
        try:
>           self._accessor.mkdir(self, mode)
E           FileNotFoundError: [Errno 2] No such file or directory: '/mnt/afs/260010168/EarthDelta/runs/online/v92_execution_20260930T071601Z/code/t1/runs/online/t1_reserved/tmp/existing_cpu'

/usr/lib/python3.10/pathlib.py:1175: FileNotFoundError
__________ ERROR at setup of test_gate_fails_closed_ckpt_sha256_none ___________

self = PosixPath('/mnt/afs/260010168/EarthDelta/runs/online/v92_execution_20260930T071601Z/code/t1/runs/online/t1_reserved/tmp/existing_cpu')
mode = 448, parents = False, exist_ok = False

    def mkdir(self, mode=0o777, parents=False, exist_ok=False):
        """
        Create a new directory at this given path.
        """
        try:
>           self._accessor.mkdir(self, mode)
E           FileNotFoundError: [Errno 2] No such file or directory: '/mnt/afs/260010168/EarthDelta/runs/online/v92_execution_20260930T071601Z/code/t1/runs/online/t1_reserved/tmp/existing_cpu'

/usr/lib/python3.10/pathlib.py:1175: FileNotFoundError
______ ERROR at setup of test_gate_fails_closed_normalization_digest_none ______

self = PosixPath('/mnt/afs/260010168/EarthDelta/runs/online/v92_execution_20260930T071601Z/code/t1/runs/online/t1_reserved/tmp/existing_cpu')
mode = 448, parents = False, exist_ok = False

    def mkdir(self, mode=0o777, parents=False, exist_ok=False):
        """
        Create a new directory at this given path.
        """
        try:
>           self._accessor.mkdir(self, mode)
E           FileNotFoundError: [Errno 2] No such file or directory: '/mnt/afs/260010168/EarthDelta/runs/online/v92_execution_20260930T071601Z/code/t1/runs/online/t1_reserved/tmp/existing_cpu'

/usr/lib/python3.10/pathlib.py:1175: FileNotFoundError
______ ERROR at setup of test_gate_fails_closed_raw_input_no_upstream_dir ______

self = PosixPath('/mnt/afs/260010168/EarthDelta/runs/online/v92_execution_20260930T071601Z/code/t1/runs/online/t1_reserved/tmp/existing_cpu')
mode = 448, parents = False, exist_ok = False

    def mkdir(self, mode=0o777, parents=False, exist_ok=False):
        """
        Create a new directory at this given path.
        """
        try:
>           self._accessor.mkdir(self, mode)
E           FileNotFoundError: [Errno 2] No such file or directory: '/mnt/afs/260010168/EarthDelta/runs/online/v92_execution_20260930T071601Z/code/t1/runs/online/t1_reserved/tmp/existing_cpu'

/usr/lib/python3.10/pathlib.py:1175: FileNotFoundError
___ ERROR at setup of test_gate_fails_closed_raw_input_no_hash_in_reference ____

self = PosixPath('/mnt/afs/260010168/EarthDelta/runs/online/v92_execution_20260930T071601Z/code/t1/runs/online/t1_reserved/tmp/existing_cpu')
mode = 448, parents = False, exist_ok = False

    def mkdir(self, mode=0o777, parents=False, exist_ok=False):
        """
        Create a new directory at this given path.
        """
        try:
>           self._accessor.mkdir(self, mode)
E           FileNotFoundError: [Errno 2] No such file or directory: '/mnt/afs/260010168/EarthDelta/runs/online/v92_execution_20260930T071601Z/code/t1/runs/online/t1_reserved/tmp/existing_cpu'

/usr/lib/python3.10/pathlib.py:1175: FileNotFoundError
____ ERROR at setup of test_boundary_exact_to_the_hour[2019-12-27T18Z-True] ____

self = PosixPath('/mnt/afs/260010168/EarthDelta/runs/online/v92_execution_20260930T071601Z/code/t1/runs/online/t1_reserved/tmp/existing_cpu')
mode = 448, parents = False, exist_ok = False

    def mkdir(self, mode=0o777, parents=False, exist_ok=False):
        """
        Create a new directory at this given path.
        """
        try:
>           self._accessor.mkdir(self, mode)
E           FileNotFoundError: [Errno 2] No such file or directory: '/mnt/afs/260010168/EarthDelta/runs/online/v92_execution_20260930T071601Z/code/t1/runs/online/t1_reserved/tmp/existing_cpu'

/usr/lib/python3.10/pathlib.py:1175: FileNotFoundError
___ ERROR at setup of test_boundary_exact_to_the_hour[2019-12-28T00Z-False] ____

self = PosixPath('/mnt/afs/260010168/EarthDelta/runs/online/v92_execution_20260930T071601Z/code/t1/runs/online/t1_reserved/tmp/existing_cpu')
mode = 448, parents = False, exist_ok = False

    def mkdir(self, mode=0o777, parents=False, exist_ok=False):
        """
        Create a new directory at this given path.
        """
        try:
>           self._accessor.mkdir(self, mode)
E           FileNotFoundError: [Errno 2] No such file or directory: '/mnt/afs/260010168/EarthDelta/runs/online/v92_execution_20260930T071601Z/code/t1/runs/online/t1_reserved/tmp/existing_cpu'

/usr/lib/python3.10/pathlib.py:1175: FileNotFoundError
____ ERROR at setup of test_boundary_exact_to_the_hour[2019-07-06T12Z-True] ____

self = PosixPath('/mnt/afs/260010168/EarthDelta/runs/online/v92_execution_20260930T071601Z/code/t1/runs/online/t1_reserved/tmp/existing_cpu')
mode = 448, parents = False, exist_ok = False

    def mkdir(self, mode=0o777, parents=False, exist_ok=False):
        """
        Create a new directory at this given path.
        """
        try:
>           self._accessor.mkdir(self, mode)
E           FileNotFoundError: [Errno 2] No such file or directory: '/mnt/afs/260010168/EarthDelta/runs/online/v92_execution_20260930T071601Z/code/t1/runs/online/t1_reserved/tmp/existing_cpu'

/usr/lib/python3.10/pathlib.py:1175: FileNotFoundError
___ ERROR at setup of test_boundary_exact_to_the_hour[2019-07-06T06Z-False] ____

self = PosixPath('/mnt/afs/260010168/EarthDelta/runs/online/v92_execution_20260930T071601Z/code/t1/runs/online/t1_reserved/tmp/existing_cpu')
mode = 448, parents = False, exist_ok = False

    def mkdir(self, mode=0o777, parents=False, exist_ok=False):
        """
        Create a new directory at this given path.
        """
        try:
>           self._accessor.mkdir(self, mode)
E           FileNotFoundError: [Errno 2] No such file or directory: '/mnt/afs/260010168/EarthDelta/runs/online/v92_execution_20260930T071601Z/code/t1/runs/online/t1_reserved/tmp/existing_cpu'

/usr/lib/python3.10/pathlib.py:1175: FileNotFoundError
____ ERROR at setup of test_boundary_exact_to_the_hour[2019-10-01T00Z-True] ____

self = PosixPath('/mnt/afs/260010168/EarthDelta/runs/online/v92_execution_20260930T071601Z/code/t1/runs/online/t1_reserved/tmp/existing_cpu')
mode = 448, parents = False, exist_ok = False

    def mkdir(self, mode=0o777, parents=False, exist_ok=False):
        """
        Create a new directory at this given path.
        """
        try:
>           self._accessor.mkdir(self, mode)
E           FileNotFoundError: [Errno 2] No such file or directory: '/mnt/afs/260010168/EarthDelta/runs/online/v92_execution_20260930T071601Z/code/t1/runs/online/t1_reserved/tmp/existing_cpu'

/usr/lib/python3.10/pathlib.py:1175: FileNotFoundError
____________ ERROR at setup of test_support_not_issue_time_decides _____________

self = PosixPath('/mnt/afs/260010168/EarthDelta/runs/online/v92_execution_20260930T071601Z/code/t1/runs/online/t1_reserved/tmp/existing_cpu')
mode = 448, parents = False, exist_ok = False

    def mkdir(self, mode=0o777, parents=False, exist_ok=False):
        """
        Create a new directory at this given path.
        """
        try:
>           self._accessor.mkdir(self, mode)
E           FileNotFoundError: [Errno 2] No such file or directory: '/mnt/afs/260010168/EarthDelta/runs/online/v92_execution_20260930T071601Z/code/t1/runs/online/t1_reserved/tmp/existing_cpu'

/usr/lib/python3.10/pathlib.py:1175: FileNotFoundError
____ ERROR at setup of test_tag_policy_dev_does_not_authorise_exposed_rows _____

self = PosixPath('/mnt/afs/260010168/EarthDelta/runs/online/v92_execution_20260930T071601Z/code/t1/runs/online/t1_reserved/tmp/existing_cpu')
mode = 448, parents = False, exist_ok = False

    def mkdir(self, mode=0o777, parents=False, exist_ok=False):
        """
        Create a new directory at this given path.
        """
        try:
>           self._accessor.mkdir(self, mode)
E           FileNotFoundError: [Errno 2] No such file or directory: '/mnt/afs/260010168/EarthDelta/runs/online/v92_execution_20260930T071601Z/code/t1/runs/online/t1_reserved/tmp/existing_cpu'

/usr/lib/python3.10/pathlib.py:1175: FileNotFoundError
_______ ERROR at setup of test_fp04_ninth_row_same_tag_refused_as_debug ________

self = PosixPath('/mnt/afs/260010168/EarthDelta/runs/online/v92_execution_20260930T071601Z/code/t1/runs/online/t1_reserved/tmp/existing_cpu')
mode = 448, parents = False, exist_ok = False

    def mkdir(self, mode=0o777, parents=False, exist_ok=False):
        """
        Create a new directory at this given path.
        """
        try:
>           self._accessor.mkdir(self, mode)
E           FileNotFoundError: [Errno 2] No such file or directory: '/mnt/afs/260010168/EarthDelta/runs/online/v92_execution_20260930T071601Z/code/t1/runs/online/t1_reserved/tmp/existing_cpu'

/usr/lib/python3.10/pathlib.py:1175: FileNotFoundError
________ ERROR at setup of test_debug_needs_the_pinned_source_admission ________

self = PosixPath('/mnt/afs/260010168/EarthDelta/runs/online/v92_execution_20260930T071601Z/code/t1/runs/online/t1_reserved/tmp/existing_cpu')
mode = 448, parents = False, exist_ok = False

    def mkdir(self, mode=0o777, parents=False, exist_ok=False):
        """
        Create a new directory at this given path.
        """
        try:
>           self._accessor.mkdir(self, mode)
E           FileNotFoundError: [Errno 2] No such file or directory: '/mnt/afs/260010168/EarthDelta/runs/online/v92_execution_20260930T071601Z/code/t1/runs/online/t1_reserved/tmp/existing_cpu'

/usr/lib/python3.10/pathlib.py:1175: FileNotFoundError
___________ ERROR at setup of test_retagging_never_changes_a_verdict ___________

self = PosixPath('/mnt/afs/260010168/EarthDelta/runs/online/v92_execution_20260930T071601Z/code/t1/runs/online/t1_reserved/tmp/existing_cpu')
mode = 448, parents = False, exist_ok = False

    def mkdir(self, mode=0o777, parents=False, exist_ok=False):
        """
        Create a new directory at this given path.
        """
        try:
>           self._accessor.mkdir(self, mode)
E           FileNotFoundError: [Errno 2] No such file or directory: '/mnt/afs/260010168/EarthDelta/runs/online/v92_execution_20260930T071601Z/code/t1/runs/online/t1_reserved/tmp/existing_cpu'

/usr/lib/python3.10/pathlib.py:1175: FileNotFoundError
_____ ERROR at setup of test_fp03_v1_holdout_row_refused_under_every_role ______

self = PosixPath('/mnt/afs/260010168/EarthDelta/runs/online/v92_execution_20260930T071601Z/code/t1/runs/online/t1_reserved/tmp/existing_cpu')
mode = 448, parents = False, exist_ok = False

    def mkdir(self, mode=0o777, parents=False, exist_ok=False):
        """
        Create a new directory at this given path.
        """
        try:
>           self._accessor.mkdir(self, mode)
E           FileNotFoundError: [Errno 2] No such file or directory: '/mnt/afs/260010168/EarthDelta/runs/online/v92_execution_20260930T071601Z/code/t1/runs/online/t1_reserved/tmp/existing_cpu'

/usr/lib/python3.10/pathlib.py:1175: FileNotFoundError
___ ERROR at setup of test_2020H2_refused_for_every_role_even_tagged_confirm ___

self = PosixPath('/mnt/afs/260010168/EarthDelta/runs/online/v92_execution_20260930T071601Z/code/t1/runs/online/t1_reserved/tmp/existing_cpu')
mode = 448, parents = False, exist_ok = False

    def mkdir(self, mode=0o777, parents=False, exist_ok=False):
        """
        Create a new directory at this given path.
        """
        try:
>           self._accessor.mkdir(self, mode)
E           FileNotFoundError: [Errno 2] No such file or directory: '/mnt/afs/260010168/EarthDelta/runs/online/v92_execution_20260930T071601Z/code/t1/runs/online/t1_reserved/tmp/existing_cpu'

/usr/lib/python3.10/pathlib.py:1175: FileNotFoundError
_______ ERROR at setup of test_forbidden_stores_refused[2018.zarr-2018] ________

self = PosixPath('/mnt/afs/260010168/EarthDelta/runs/online/v92_execution_20260930T071601Z/code/t1/runs/online/t1_reserved/tmp/existing_cpu')
mode = 448, parents = False, exist_ok = False

    def mkdir(self, mode=0o777, parents=False, exist_ok=False):
        """
        Create a new directory at this given path.
        """
        try:
>           self._accessor.mkdir(self, mode)
E           FileNotFoundError: [Errno 2] No such file or directory: '/mnt/afs/260010168/EarthDelta/runs/online/v92_execution_20260930T071601Z/code/t1/runs/online/t1_reserved/tmp/existing_cpu'

/usr/lib/python3.10/pathlib.py:1175: FileNotFoundError
_______ ERROR at setup of test_forbidden_stores_refused[2021.zarr-2021] ________

self = PosixPath('/mnt/afs/260010168/EarthDelta/runs/online/v92_execution_20260930T071601Z/code/t1/runs/online/t1_reserved/tmp/existing_cpu')
mode = 448, parents = False, exist_ok = False

    def mkdir(self, mode=0o777, parents=False, exist_ok=False):
        """
        Create a new directory at this given path.
        """
        try:
>           self._accessor.mkdir(self, mode)
E           FileNotFoundError: [Errno 2] No such file or directory: '/mnt/afs/260010168/EarthDelta/runs/online/v92_execution_20260930T071601Z/code/t1/runs/online/t1_reserved/tmp/existing_cpu'

/usr/lib/python3.10/pathlib.py:1175: FileNotFoundError
_ ERROR at setup of test_forbidden_stores_refused[2019_intermediate.zarr-2019] _

self = PosixPath('/mnt/afs/260010168/EarthDelta/runs/online/v92_execution_20260930T071601Z/code/t1/runs/online/t1_reserved/tmp/existing_cpu')
mode = 448, parents = False, exist_ok = False

    def mkdir(self, mode=0o777, parents=False, exist_ok=False):
        """
        Create a new directory at this given path.
        """
        try:
>           self._accessor.mkdir(self, mode)
E           FileNotFoundError: [Errno 2] No such file or directory: '/mnt/afs/260010168/EarthDelta/runs/online/v92_execution_20260930T071601Z/code/t1/runs/online/t1_reserved/tmp/existing_cpu'

/usr/lib/python3.10/pathlib.py:1175: FileNotFoundError
_____ ERROR at setup of test_forbidden_stores_refused[2020_jan.zarr-2020] ______

self = PosixPath('/mnt/afs/260010168/EarthDelta/runs/online/v92_execution_20260930T071601Z/code/t1/runs/online/t1_reserved/tmp/existing_cpu')
mode = 448, parents = False, exist_ok = False

    def mkdir(self, mode=0o777, parents=False, exist_ok=False):
        """
        Create a new directory at this given path.
        """
        try:
>           self._accessor.mkdir(self, mode)
E           FileNotFoundError: [Errno 2] No such file or directory: '/mnt/afs/260010168/EarthDelta/runs/online/v92_execution_20260930T071601Z/code/t1/runs/online/t1_reserved/tmp/existing_cpu'

/usr/lib/python3.10/pathlib.py:1175: FileNotFoundError
________ ERROR at setup of test_policy_dev_consumption_needs_allow_list ________

self = PosixPath('/mnt/afs/260010168/EarthDelta/runs/online/v92_execution_20260930T071601Z/code/t1/runs/online/t1_reserved/tmp/existing_cpu')
mode = 448, parents = False, exist_ok = False

    def mkdir(self, mode=0o777, parents=False, exist_ok=False):
        """
        Create a new directory at this given path.
        """
        try:
>           self._accessor.mkdir(self, mode)
E           FileNotFoundError: [Errno 2] No such file or directory: '/mnt/afs/260010168/EarthDelta/runs/online/v92_execution_20260930T071601Z/code/t1/runs/online/t1_reserved/tmp/existing_cpu'

/usr/lib/python3.10/pathlib.py:1175: FileNotFoundError
___________ ERROR at setup of test_index_time_inconsistency_refused ____________

self = PosixPath('/mnt/afs/260010168/EarthDelta/runs/online/v92_execution_20260930T071601Z/code/t1/runs/online/t1_reserved/tmp/existing_cpu')
mode = 448, parents = False, exist_ok = False

    def mkdir(self, mode=0o777, parents=False, exist_ok=False):
        """
        Create a new directory at this given path.
        """
        try:
>           self._accessor.mkdir(self, mode)
E           FileNotFoundError: [Errno 2] No such file or directory: '/mnt/afs/260010168/EarthDelta/runs/online/v92_execution_20260930T071601Z/code/t1/runs/online/t1_reserved/tmp/existing_cpu'

/usr/lib/python3.10/pathlib.py:1175: FileNotFoundError
_____ ERROR at setup of test_load_freeze_refuses_forged_hash_and_tampering _____

self = PosixPath('/mnt/afs/260010168/EarthDelta/runs/online/v92_execution_20260930T071601Z/code/t1/runs/online/t1_reserved/tmp/existing_cpu')
mode = 448, parents = False, exist_ok = False

    def mkdir(self, mode=0o777, parents=False, exist_ok=False):
        """
        Create a new directory at this given path.
        """
        try:
>           self._accessor.mkdir(self, mode)
E           FileNotFoundError: [Errno 2] No such file or directory: '/mnt/afs/260010168/EarthDelta/runs/online/v92_execution_20260930T071601Z/code/t1/runs/online/t1_reserved/tmp/existing_cpu'

/usr/lib/python3.10/pathlib.py:1175: FileNotFoundError
_ ERROR at setup of test_read_slab_inside_slice_logged_and_one_step_outside_refused _

self = PosixPath('/mnt/afs/260010168/EarthDelta/runs/online/v92_execution_20260930T071601Z/code/t1/runs/online/t1_reserved/tmp/existing_cpu')
mode = 448, parents = False, exist_ok = False

    def mkdir(self, mode=0o777, parents=False, exist_ok=False):
        """
        Create a new directory at this given path.
        """
        try:
>           self._accessor.mkdir(self, mode)
E           FileNotFoundError: [Errno 2] No such file or directory: '/mnt/afs/260010168/EarthDelta/runs/online/v92_execution_20260930T071601Z/code/t1/runs/online/t1_reserved/tmp/existing_cpu'

/usr/lib/python3.10/pathlib.py:1175: FileNotFoundError
_______ ERROR at setup of test_read_slab_refuses_before_opening_anything _______

self = PosixPath('/mnt/afs/260010168/EarthDelta/runs/online/v92_execution_20260930T071601Z/code/t1/runs/online/t1_reserved/tmp/existing_cpu')
mode = 448, parents = False, exist_ok = False

    def mkdir(self, mode=0o777, parents=False, exist_ok=False):
        """
        Create a new directory at this given path.
        """
        try:
>           self._accessor.mkdir(self, mode)
E           FileNotFoundError: [Errno 2] No such file or directory: '/mnt/afs/260010168/EarthDelta/runs/online/v92_execution_20260930T071601Z/code/t1/runs/online/t1_reserved/tmp/existing_cpu'

/usr/lib/python3.10/pathlib.py:1175: FileNotFoundError
_________ ERROR at setup of test_excluded_index_712_refused_for_debug __________

self = PosixPath('/mnt/afs/260010168/EarthDelta/runs/online/v92_execution_20260930T071601Z/code/t1/runs/online/t1_reserved/tmp/existing_cpu')
mode = 448, parents = False, exist_ok = False

    def mkdir(self, mode=0o777, parents=False, exist_ok=False):
        """
        Create a new directory at this given path.
        """
        try:
>           self._accessor.mkdir(self, mode)
E           FileNotFoundError: [Errno 2] No such file or directory: '/mnt/afs/260010168/EarthDelta/runs/online/v92_execution_20260930T071601Z/code/t1/runs/online/t1_reserved/tmp/existing_cpu'

/usr/lib/python3.10/pathlib.py:1175: FileNotFoundError
_ ERROR at setup of test_manifest_json_roundtrip_preserves_availability_source _

self = PosixPath('/mnt/afs/260010168/EarthDelta/runs/online/v92_execution_20260930T071601Z/code/t1/runs/online/t1_reserved/tmp/existing_cpu')
mode = 448, parents = False, exist_ok = False

    def mkdir(self, mode=0o777, parents=False, exist_ok=False):
        """
        Create a new directory at this given path.
        """
        try:
>           self._accessor.mkdir(self, mode)
E           FileNotFoundError: [Errno 2] No such file or directory: '/mnt/afs/260010168/EarthDelta/runs/online/v92_execution_20260930T071601Z/code/t1/runs/online/t1_reserved/tmp/existing_cpu'

/usr/lib/python3.10/pathlib.py:1175: FileNotFoundError
_________ ERROR at setup of test_approval_sha_mismatch_is_fail_closed __________

self = PosixPath('/mnt/afs/260010168/EarthDelta/runs/online/v92_execution_20260930T071601Z/code/t1/runs/online/t1_reserved/tmp/existing_cpu')
mode = 448, parents = False, exist_ok = False

    def mkdir(self, mode=0o777, parents=False, exist_ok=False):
        """
        Create a new directory at this given path.
        """
        try:
>           self._accessor.mkdir(self, mode)
E           FileNotFoundError: [Errno 2] No such file or directory: '/mnt/afs/260010168/EarthDelta/runs/online/v92_execution_20260930T071601Z/code/t1/runs/online/t1_reserved/tmp/existing_cpu'

/usr/lib/python3.10/pathlib.py:1175: FileNotFoundError
_________ ERROR at setup of test_mutually_exclusive_scope_is_rejected __________

self = PosixPath('/mnt/afs/260010168/EarthDelta/runs/online/v92_execution_20260930T071601Z/code/t1/runs/online/t1_reserved/tmp/existing_cpu')
mode = 448, parents = False, exist_ok = False

    def mkdir(self, mode=0o777, parents=False, exist_ok=False):
        """
        Create a new directory at this given path.
        """
        try:
>           self._accessor.mkdir(self, mode)
E           FileNotFoundError: [Errno 2] No such file or directory: '/mnt/afs/260010168/EarthDelta/runs/online/v92_execution_20260930T071601Z/code/t1/runs/online/t1_reserved/tmp/existing_cpu'

/usr/lib/python3.10/pathlib.py:1175: FileNotFoundError
___ ERROR at setup of test_data_repair_missing_source_does_not_write_marker ____

self = PosixPath('/mnt/afs/260010168/EarthDelta/runs/online/v92_execution_20260930T071601Z/code/t1/runs/online/t1_reserved/tmp/existing_cpu')
mode = 448, parents = False, exist_ok = False

    def mkdir(self, mode=0o777, parents=False, exist_ok=False):
        """
        Create a new directory at this given path.
        """
        try:
>           self._accessor.mkdir(self, mode)
E           FileNotFoundError: [Errno 2] No such file or directory: '/mnt/afs/260010168/EarthDelta/runs/online/v92_execution_20260930T071601Z/code/t1/runs/online/t1_reserved/tmp/existing_cpu'

/usr/lib/python3.10/pathlib.py:1175: FileNotFoundError
________ ERROR at setup of test_runner_dry_run_does_not_access_weather _________

self = PosixPath('/mnt/afs/260010168/EarthDelta/runs/online/v92_execution_20260930T071601Z/code/t1/runs/online/t1_reserved/tmp/existing_cpu')
mode = 448, parents = False, exist_ok = False

    def mkdir(self, mode=0o777, parents=False, exist_ok=False):
        """
        Create a new directory at this given path.
        """
        try:
>           self._accessor.mkdir(self, mode)
E           FileNotFoundError: [Errno 2] No such file or directory: '/mnt/afs/260010168/EarthDelta/runs/online/v92_execution_20260930T071601Z/code/t1/runs/online/t1_reserved/tmp/existing_cpu'

/usr/lib/python3.10/pathlib.py:1175: FileNotFoundError
_ ERROR at setup of test_runner_stops_at_missing_signed_source_after_formal_precheck _

self = PosixPath('/mnt/afs/260010168/EarthDelta/runs/online/v92_execution_20260930T071601Z/code/t1/runs/online/t1_reserved/tmp/existing_cpu')
mode = 448, parents = False, exist_ok = False

    def mkdir(self, mode=0o777, parents=False, exist_ok=False):
        """
        Create a new directory at this given path.
        """
        try:
>           self._accessor.mkdir(self, mode)
E           FileNotFoundError: [Errno 2] No such file or directory: '/mnt/afs/260010168/EarthDelta/runs/online/v92_execution_20260930T071601Z/code/t1/runs/online/t1_reserved/tmp/existing_cpu'

/usr/lib/python3.10/pathlib.py:1175: FileNotFoundError
_______________ ERROR at setup of test_gpu_budget_negative_path ________________

self = PosixPath('/mnt/afs/260010168/EarthDelta/runs/online/v92_execution_20260930T071601Z/code/t1/runs/online/t1_reserved/tmp/existing_cpu')
mode = 448, parents = False, exist_ok = False

    def mkdir(self, mode=0o777, parents=False, exist_ok=False):
        """
        Create a new directory at this given path.
        """
        try:
>           self._accessor.mkdir(self, mode)
E           FileNotFoundError: [Errno 2] No such file or directory: '/mnt/afs/260010168/EarthDelta/runs/online/v92_execution_20260930T071601Z/code/t1/runs/online/t1_reserved/tmp/existing_cpu'

/usr/lib/python3.10/pathlib.py:1175: FileNotFoundError
__ ERROR at setup of test_dynamic_is_persisted_and_loaded_in_another_process ___

self = PosixPath('/mnt/afs/260010168/EarthDelta/runs/online/v92_execution_20260930T071601Z/code/t1/runs/online/t1_reserved/tmp/existing_cpu')
mode = 448, parents = False, exist_ok = False

    def mkdir(self, mode=0o777, parents=False, exist_ok=False):
        """
        Create a new directory at this given path.
        """
        try:
>           self._accessor.mkdir(self, mode)
E           FileNotFoundError: [Errno 2] No such file or directory: '/mnt/afs/260010168/EarthDelta/runs/online/v92_execution_20260930T071601Z/code/t1/runs/online/t1_reserved/tmp/existing_cpu'

/usr/lib/python3.10/pathlib.py:1175: FileNotFoundError
__________________ ERROR at setup of test_confirm_freeze_gate __________________

self = PosixPath('/mnt/afs/260010168/EarthDelta/runs/online/v92_execution_20260930T071601Z/code/t1/runs/online/t1_reserved/tmp/existing_cpu')
mode = 448, parents = False, exist_ok = False

    def mkdir(self, mode=0o777, parents=False, exist_ok=False):
        """
        Create a new directory at this given path.
        """
        try:
>           self._accessor.mkdir(self, mode)
E           FileNotFoundError: [Errno 2] No such file or directory: '/mnt/afs/260010168/EarthDelta/runs/online/v92_execution_20260930T071601Z/code/t1/runs/online/t1_reserved/tmp/existing_cpu'

/usr/lib/python3.10/pathlib.py:1175: FileNotFoundError
____________ ERROR at setup of test_read_git_head_loose_and_packed _____________

self = PosixPath('/mnt/afs/260010168/EarthDelta/runs/online/v92_execution_20260930T071601Z/code/t1/runs/online/t1_reserved/tmp/existing_cpu')
mode = 448, parents = False, exist_ok = False

    def mkdir(self, mode=0o777, parents=False, exist_ok=False):
        """
        Create a new directory at this given path.
        """
        try:
>           self._accessor.mkdir(self, mode)
E           FileNotFoundError: [Errno 2] No such file or directory: '/mnt/afs/260010168/EarthDelta/runs/online/v92_execution_20260930T071601Z/code/t1/runs/online/t1_reserved/tmp/existing_cpu'

/usr/lib/python3.10/pathlib.py:1175: FileNotFoundError
__________ ERROR at setup of test_modified_tracked_source_is_detected __________

self = PosixPath('/mnt/afs/260010168/EarthDelta/runs/online/v92_execution_20260930T071601Z/code/t1/runs/online/t1_reserved/tmp/existing_cpu')
mode = 448, parents = False, exist_ok = False

    def mkdir(self, mode=0o777, parents=False, exist_ok=False):
        """
        Create a new directory at this given path.
        """
        try:
>           self._accessor.mkdir(self, mode)
E           FileNotFoundError: [Errno 2] No such file or directory: '/mnt/afs/260010168/EarthDelta/runs/online/v92_execution_20260930T071601Z/code/t1/runs/online/t1_reserved/tmp/existing_cpu'

/usr/lib/python3.10/pathlib.py:1175: FileNotFoundError
______ ERROR at setup of test_write_forecast_zarr_roundtrip_and_manifest _______

self = PosixPath('/mnt/afs/260010168/EarthDelta/runs/online/v92_execution_20260930T071601Z/code/t1/runs/online/t1_reserved/tmp/existing_cpu')
mode = 448, parents = False, exist_ok = False

    def mkdir(self, mode=0o777, parents=False, exist_ok=False):
        """
        Create a new directory at this given path.
        """
        try:
>           self._accessor.mkdir(self, mode)
E           FileNotFoundError: [Errno 2] No such file or directory: '/mnt/afs/260010168/EarthDelta/runs/online/v92_execution_20260930T071601Z/code/t1/runs/online/t1_reserved/tmp/existing_cpu'

/usr/lib/python3.10/pathlib.py:1175: FileNotFoundError
______ ERROR at setup of test_write_forecast_zarr_failure_leaves_nothing _______

self = PosixPath('/mnt/afs/260010168/EarthDelta/runs/online/v92_execution_20260930T071601Z/code/t1/runs/online/t1_reserved/tmp/existing_cpu')
mode = 448, parents = False, exist_ok = False

    def mkdir(self, mode=0o777, parents=False, exist_ok=False):
        """
        Create a new directory at this given path.
        """
        try:
>           self._accessor.mkdir(self, mode)
E           FileNotFoundError: [Errno 2] No such file or directory: '/mnt/afs/260010168/EarthDelta/runs/online/v92_execution_20260930T071601Z/code/t1/runs/online/t1_reserved/tmp/existing_cpu'

/usr/lib/python3.10/pathlib.py:1175: FileNotFoundError
_____________ ERROR at setup of test_truth_from_store_exact_times ______________

self = PosixPath('/mnt/afs/260010168/EarthDelta/runs/online/v92_execution_20260930T071601Z/code/t1/runs/online/t1_reserved/tmp/existing_cpu')
mode = 448, parents = False, exist_ok = False

    def mkdir(self, mode=0o777, parents=False, exist_ok=False):
        """
        Create a new directory at this given path.
        """
        try:
>           self._accessor.mkdir(self, mode)
E           FileNotFoundError: [Errno 2] No such file or directory: '/mnt/afs/260010168/EarthDelta/runs/online/v92_execution_20260930T071601Z/code/t1/runs/online/t1_reserved/tmp/existing_cpu'

/usr/lib/python3.10/pathlib.py:1175: FileNotFoundError
___________ ERROR at setup of test_truth_from_store_detects_nan_gaps ___________

self = PosixPath('/mnt/afs/260010168/EarthDelta/runs/online/v92_execution_20260930T071601Z/code/t1/runs/online/t1_reserved/tmp/existing_cpu')
mode = 448, parents = False, exist_ok = False

    def mkdir(self, mode=0o777, parents=False, exist_ok=False):
        """
        Create a new directory at this given path.
        """
        try:
>           self._accessor.mkdir(self, mode)
E           FileNotFoundError: [Errno 2] No such file or directory: '/mnt/afs/260010168/EarthDelta/runs/online/v92_execution_20260930T071601Z/code/t1/runs/online/t1_reserved/tmp/existing_cpu'

/usr/lib/python3.10/pathlib.py:1175: FileNotFoundError
_____ ERROR at setup of test_truth_from_store_rejects_wrong_channel_order ______

self = PosixPath('/mnt/afs/260010168/EarthDelta/runs/online/v92_execution_20260930T071601Z/code/t1/runs/online/t1_reserved/tmp/existing_cpu')
mode = 448, parents = False, exist_ok = False

    def mkdir(self, mode=0o777, parents=False, exist_ok=False):
        """
        Create a new directory at this given path.
        """
        try:
>           self._accessor.mkdir(self, mode)
E           FileNotFoundError: [Errno 2] No such file or directory: '/mnt/afs/260010168/EarthDelta/runs/online/v92_execution_20260930T071601Z/code/t1/runs/online/t1_reserved/tmp/existing_cpu'

/usr/lib/python3.10/pathlib.py:1175: FileNotFoundError
______________ ERROR at setup of test_truth_from_store_year_gate _______________

self = PosixPath('/mnt/afs/260010168/EarthDelta/runs/online/v92_execution_20260930T071601Z/code/t1/runs/online/t1_reserved/tmp/existing_cpu')
mode = 448, parents = False, exist_ok = False

    def mkdir(self, mode=0o777, parents=False, exist_ok=False):
        """
        Create a new directory at this given path.
        """
        try:
>           self._accessor.mkdir(self, mode)
E           FileNotFoundError: [Errno 2] No such file or directory: '/mnt/afs/260010168/EarthDelta/runs/online/v92_execution_20260930T071601Z/code/t1/runs/online/t1_reserved/tmp/existing_cpu'

/usr/lib/python3.10/pathlib.py:1175: FileNotFoundError
=============================== warnings summary ===============================
tests/test_probe_p3_layout.py:55
  /mnt/afs/260010168/EarthDelta/runs/online/v92_execution_20260930T071601Z/code/t1/tests/test_probe_p3_layout.py:55: DeprecationWarning: invalid escape sequence '\['
    with pytest.raises(ValueError, match="full \[B,21"):

tests/test_probe_p3_layout.py:78
  /mnt/afs/260010168/EarthDelta/runs/online/v92_execution_20260930T071601Z/code/t1/tests/test_probe_p3_layout.py:78: DeprecationWarning: invalid escape sequence '\['
    with pytest.raises(ValueError, match="full \[B,21"):

-- Docs: https://docs.pytest.org/en/stable/how-to/capture-warnings.html
- generated xml file: /mnt/afs/260010168/EarthDelta/runs/online/v92_execution_20260930T071601Z/code/t1/runs/online/t1_reserved/EXISTING_CPU_JUNIT.xml -
=========================== short test summary info ============================
SKIPPED [7] runs/online/t1_reserved/tools/cpu_test_guard.py:21: T0 synthetic-only boundary: real arrays/checkpoints are not opened
SKIPPED [1] tests/test_content_verification_b08.py:447: real ERA5 store data/era5_1p40625/2020.zarr not present
SKIPPED [1] tests/test_content_verification_b08.py:469: real ERA5 store data/era5_1p40625/2016.zarr not present
SKIPPED [1] tests/test_loaded_admission_binding.py:159: historical admission not present on this machine
SKIPPED [1] tests/test_pilot_admission_b09.py:615: real ERA5 store data/era5_1p40625/2020.zarr not present
SKIPPED [1] tests/test_pilot_admission_b09.py:629: real ERA5 store data/era5_1p40625/2016.zarr not present
SKIPPED [1] tests/test_upstream_parity.py:112: CUDA not available
SKIPPED [1] tests/test_upstream_parity.py:184: CUDA not available
SKIPPED [1] tests/test_upstream_parity.py:249: Upstream reference not exported yet
SKIPPED [1] tests/test_upstream_parity.py:270: Upstream reference outputs not exported yet
SKIPPED [1] tests/test_wbx_export.py:326: T0 synthetic-only boundary: real arrays/checkpoints are not opened
SKIPPED [1] tests/test_wbx_export.py:343: T0 synthetic-only boundary: real arrays/checkpoints are not opened
SKIPPED [1] tests/test_wbx_export.py:359: T0 synthetic-only boundary: real arrays/checkpoints are not opened
687 passed, 19 skipped, 4 deselected, 2 warnings, 331 errors in 79.00s (0:01:19)
